-- ============================================================
-- brewery-data.sql
-- Generated from brewery.json by generate-brewery-sql.py
-- Target schema: model-schema.sql
-- ============================================================

BEGIN;

-- ── project ─────────────────────────────────────────────────
INSERT INTO project (project_root, saved_at_millis, format_version) VALUES ('/Users/jcano/IdeaProjects/brewery', 1777745490523, 1);

-- ── package ─────────────────────────────────────────────────
INSERT INTO package (qualified_name, project_root) VALUES ('', '/Users/jcano/IdeaProjects/brewery');
INSERT INTO package (qualified_name, project_root) VALUES ('io.spring.cloud.samples.brewery', '/Users/jcano/IdeaProjects/brewery');
INSERT INTO package (qualified_name, project_root) VALUES ('io.spring.cloud.samples.brewery.acceptance', '/Users/jcano/IdeaProjects/brewery');
INSERT INTO package (qualified_name, project_root) VALUES ('io.spring.cloud.samples.brewery.acceptance.common', '/Users/jcano/IdeaProjects/brewery');
INSERT INTO package (qualified_name, project_root) VALUES ('io.spring.cloud.samples.brewery.aggregating', '/Users/jcano/IdeaProjects/brewery');
INSERT INTO package (qualified_name, project_root) VALUES ('io.spring.cloud.samples.brewery.bottling', '/Users/jcano/IdeaProjects/brewery');
INSERT INTO package (qualified_name, project_root) VALUES ('io.spring.cloud.samples.brewery.common', '/Users/jcano/IdeaProjects/brewery');
INSERT INTO package (qualified_name, project_root) VALUES ('io.spring.cloud.samples.brewery.common.events', '/Users/jcano/IdeaProjects/brewery');
INSERT INTO package (qualified_name, project_root) VALUES ('io.spring.cloud.samples.brewery.common.model', '/Users/jcano/IdeaProjects/brewery');
INSERT INTO package (qualified_name, project_root) VALUES ('io.spring.cloud.samples.brewery.configserver', '/Users/jcano/IdeaProjects/brewery');
INSERT INTO package (qualified_name, project_root) VALUES ('io.spring.cloud.samples.brewery.eureka', '/Users/jcano/IdeaProjects/brewery');
INSERT INTO package (qualified_name, project_root) VALUES ('io.spring.cloud.samples.brewery.gateway', '/Users/jcano/IdeaProjects/brewery');
INSERT INTO package (qualified_name, project_root) VALUES ('io.spring.cloud.samples.brewery.ingredients', '/Users/jcano/IdeaProjects/brewery');
INSERT INTO package (qualified_name, project_root) VALUES ('io.spring.cloud.samples.brewery.maturing', '/Users/jcano/IdeaProjects/brewery');
INSERT INTO package (qualified_name, project_root) VALUES ('io.spring.cloud.samples.brewery.presenting', '/Users/jcano/IdeaProjects/brewery');
INSERT INTO package (qualified_name, project_root) VALUES ('io.spring.cloud.samples.brewery.presenting.config', '/Users/jcano/IdeaProjects/brewery');
INSERT INTO package (qualified_name, project_root) VALUES ('io.spring.cloud.samples.brewery.presenting.feed', '/Users/jcano/IdeaProjects/brewery');
INSERT INTO package (qualified_name, project_root) VALUES ('io.spring.cloud.samples.brewery.presenting.present', '/Users/jcano/IdeaProjects/brewery');
INSERT INTO package (qualified_name, project_root) VALUES ('io.spring.cloud.samples.brewery.reporting', '/Users/jcano/IdeaProjects/brewery');

-- ── type ───────────────────────────────────────────────────
INSERT INTO type (qualified_name, simple_name, package_name, project_root, kind,  extends_type, source_path, line_number) VALUES ('MavenWrapperDownloader', 'MavenWrapperDownloader',  '', '/Users/jcano/IdeaProjects/brewery', 'CLASS',  NULL, '/Users/jcano/IdeaProjects/brewery/.mvn/wrapper/MavenWrapperDownloader.java', 22);
INSERT INTO type (qualified_name, simple_name, package_name, project_root, kind,  extends_type, source_path, line_number) VALUES ('io.spring.cloud.samples.brewery.BrewingApplication', 'BrewingApplication',  'io.spring.cloud.samples.brewery', '/Users/jcano/IdeaProjects/brewery', 'CLASS',  NULL, '/Users/jcano/IdeaProjects/brewery/brewing/src/main/java/io/spring/cloud/samples/brewery/BrewingApplication.java', 9);
INSERT INTO type (qualified_name, simple_name, package_name, project_root, kind,  extends_type, source_path, line_number) VALUES ('io.spring.cloud.samples.brewery.acceptance.ObservabilityBreweryAcceptanceTests', 'ObservabilityBreweryAcceptanceTests',  'io.spring.cloud.samples.brewery.acceptance', '/Users/jcano/IdeaProjects/brewery', 'CLASS',  'AbstractBreweryAcceptance', '/Users/jcano/IdeaProjects/brewery/acceptance-tests/src/test/groovy/io/spring/cloud/samples/brewery/acceptance/ObservabilityBreweryAcceptanceTests.java', 10);
INSERT INTO type (qualified_name, simple_name, package_name, project_root, kind,  extends_type, source_path, line_number) VALUES ('io.spring.cloud.samples.brewery.acceptance.ServiceDiscoveryAcceptanceTests', 'ServiceDiscoveryAcceptanceTests',  'io.spring.cloud.samples.brewery.acceptance', '/Users/jcano/IdeaProjects/brewery', 'CLASS',  'AbstractBreweryAcceptance', '/Users/jcano/IdeaProjects/brewery/acceptance-tests/src/test/groovy/io/spring/cloud/samples/brewery/acceptance/ServiceDiscoveryAcceptanceTests.java', 13);
INSERT INTO type (qualified_name, simple_name, package_name, project_root, kind,  extends_type, source_path, line_number) VALUES ('io.spring.cloud.samples.brewery.acceptance.SystemPropertyValidityTests', 'SystemPropertyValidityTests',  'io.spring.cloud.samples.brewery.acceptance', '/Users/jcano/IdeaProjects/brewery', 'CLASS',  NULL, '/Users/jcano/IdeaProjects/brewery/acceptance-tests/src/test/groovy/io/spring/cloud/samples/brewery/acceptance/SystemPropertyValidityTests.java', 10);
INSERT INTO type (qualified_name, simple_name, package_name, project_root, kind,  extends_type, source_path, line_number) VALUES ('io.spring.cloud.samples.brewery.acceptance.common.SpanUtil', 'SpanUtil',  'io.spring.cloud.samples.brewery.acceptance.common', '/Users/jcano/IdeaProjects/brewery', 'CLASS',  NULL, '/Users/jcano/IdeaProjects/brewery/acceptance-tests/src/test/groovy/io/spring/cloud/samples/brewery/acceptance/common/SpanUtil.java', 9);
INSERT INTO type (qualified_name, simple_name, package_name, project_root, kind,  extends_type, source_path, line_number) VALUES ('io.spring.cloud.samples.brewery.acceptance.common.WhatToTest', 'WhatToTest',  'io.spring.cloud.samples.brewery.acceptance.common', '/Users/jcano/IdeaProjects/brewery', 'CLASS',  NULL, '/Users/jcano/IdeaProjects/brewery/acceptance-tests/src/test/groovy/io/spring/cloud/samples/brewery/acceptance/common/WhatToTest.java', 3);
INSERT INTO type (qualified_name, simple_name, package_name, project_root, kind,  extends_type, source_path, line_number) VALUES ('io.spring.cloud.samples.brewery.aggregating.AggregationConfiguration', 'AggregationConfiguration',  'io.spring.cloud.samples.brewery.aggregating', '/Users/jcano/IdeaProjects/brewery', 'CLASS',  NULL, '/Users/jcano/IdeaProjects/brewery/brewing/src/main/java/io/spring/cloud/samples/brewery/aggregating/AggregationConfiguration.java', 14);
INSERT INTO type (qualified_name, simple_name, package_name, project_root, kind,  extends_type, source_path, line_number) VALUES ('io.spring.cloud.samples.brewery.aggregating.Collaborators', 'Collaborators',  'io.spring.cloud.samples.brewery.aggregating', '/Users/jcano/IdeaProjects/brewery', 'CLASS',  NULL, '/Users/jcano/IdeaProjects/brewery/brewing/src/main/java/io/spring/cloud/samples/brewery/aggregating/Collaborators.java', 3);
INSERT INTO type (qualified_name, simple_name, package_name, project_root, kind,  extends_type, source_path, line_number) VALUES ('io.spring.cloud.samples.brewery.aggregating.IngredientWarehouse', 'IngredientWarehouse',  'io.spring.cloud.samples.brewery.aggregating', '/Users/jcano/IdeaProjects/brewery', 'CLASS',  NULL, '/Users/jcano/IdeaProjects/brewery/brewing/src/main/java/io/spring/cloud/samples/brewery/aggregating/IngredientWarehouse.java', 12);
INSERT INTO type (qualified_name, simple_name, package_name, project_root, kind,  extends_type, source_path, line_number) VALUES ('io.spring.cloud.samples.brewery.aggregating.IngredientsAggregator', 'IngredientsAggregator',  'io.spring.cloud.samples.brewery.aggregating', '/Users/jcano/IdeaProjects/brewery', 'CLASS',  NULL, '/Users/jcano/IdeaProjects/brewery/brewing/src/main/java/io/spring/cloud/samples/brewery/aggregating/IngredientsAggregator.java', 18);
INSERT INTO type (qualified_name, simple_name, package_name, project_root, kind,  extends_type, source_path, line_number) VALUES ('io.spring.cloud.samples.brewery.aggregating.IngredientsCollector', 'IngredientsCollector',  'io.spring.cloud.samples.brewery.aggregating', '/Users/jcano/IdeaProjects/brewery', 'CLASS',  NULL, '/Users/jcano/IdeaProjects/brewery/brewing/src/main/java/io/spring/cloud/samples/brewery/aggregating/IngredientsCollector.java', 19);
INSERT INTO type (qualified_name, simple_name, package_name, project_root, kind,  extends_type, source_path, line_number) VALUES ('io.spring.cloud.samples.brewery.aggregating.IngredientsController', 'IngredientsController',  'io.spring.cloud.samples.brewery.aggregating', '/Users/jcano/IdeaProjects/brewery', 'CLASS',  NULL, '/Users/jcano/IdeaProjects/brewery/brewing/src/main/java/io/spring/cloud/samples/brewery/aggregating/IngredientsController.java', 15);
INSERT INTO type (qualified_name, simple_name, package_name, project_root, kind,  extends_type, source_path, line_number) VALUES ('io.spring.cloud.samples.brewery.aggregating.IngredientsProperties', 'IngredientsProperties',  'io.spring.cloud.samples.brewery.aggregating', '/Users/jcano/IdeaProjects/brewery', 'CLASS',  NULL, '/Users/jcano/IdeaProjects/brewery/brewing/src/main/java/io/spring/cloud/samples/brewery/aggregating/IngredientsProperties.java', 5);
INSERT INTO type (qualified_name, simple_name, package_name, project_root, kind,  extends_type, source_path, line_number) VALUES ('io.spring.cloud.samples.brewery.aggregating.IngredientsProxy', 'IngredientsProxy',  'io.spring.cloud.samples.brewery.aggregating', '/Users/jcano/IdeaProjects/brewery', 'INTERFACE',  NULL, '/Users/jcano/IdeaProjects/brewery/brewing/src/main/java/io/spring/cloud/samples/brewery/aggregating/IngredientsProxy.java', 11);
INSERT INTO type (qualified_name, simple_name, package_name, project_root, kind,  extends_type, source_path, line_number) VALUES ('io.spring.cloud.samples.brewery.aggregating.MaturingServiceUpdater', 'MaturingServiceUpdater',  'io.spring.cloud.samples.brewery.aggregating', '/Users/jcano/IdeaProjects/brewery', 'CLASS',  NULL, '/Users/jcano/IdeaProjects/brewery/brewing/src/main/java/io/spring/cloud/samples/brewery/aggregating/MaturingServiceUpdater.java', 11);
INSERT INTO type (qualified_name, simple_name, package_name, project_root, kind,  extends_type, source_path, line_number) VALUES ('io.spring.cloud.samples.brewery.bottling.Bottler', 'Bottler',  'io.spring.cloud.samples.brewery.bottling', '/Users/jcano/IdeaProjects/brewery', 'CLASS',  NULL, '/Users/jcano/IdeaProjects/brewery/brewing/src/main/java/io/spring/cloud/samples/brewery/bottling/Bottler.java', 9);
INSERT INTO type (qualified_name, simple_name, package_name, project_root, kind,  extends_type, source_path, line_number) VALUES ('io.spring.cloud.samples.brewery.bottling.BottlerService', 'BottlerService',  'io.spring.cloud.samples.brewery.bottling', '/Users/jcano/IdeaProjects/brewery', 'CLASS',  NULL, '/Users/jcano/IdeaProjects/brewery/brewing/src/main/java/io/spring/cloud/samples/brewery/bottling/BottlerService.java', 20);
INSERT INTO type (qualified_name, simple_name, package_name, project_root, kind,  extends_type, source_path, line_number) VALUES ('io.spring.cloud.samples.brewery.bottling.BottlingConfiguration', 'BottlingConfiguration',  'io.spring.cloud.samples.brewery.bottling', '/Users/jcano/IdeaProjects/brewery', 'CLASS',  NULL, '/Users/jcano/IdeaProjects/brewery/brewing/src/main/java/io/spring/cloud/samples/brewery/bottling/BottlingConfiguration.java', 25);
INSERT INTO type (qualified_name, simple_name, package_name, project_root, kind,  extends_type, source_path, line_number) VALUES ('io.spring.cloud.samples.brewery.bottling.BottlingWorker', 'BottlingWorker',  'io.spring.cloud.samples.brewery.bottling', '/Users/jcano/IdeaProjects/brewery', 'CLASS',  NULL, '/Users/jcano/IdeaProjects/brewery/brewing/src/main/java/io/spring/cloud/samples/brewery/bottling/BottlingWorker.java', 22);
INSERT INTO type (qualified_name, simple_name, package_name, project_root, kind,  extends_type, source_path, line_number) VALUES ('io.spring.cloud.samples.brewery.bottling.Collaborators', 'Collaborators',  'io.spring.cloud.samples.brewery.bottling', '/Users/jcano/IdeaProjects/brewery', 'CLASS',  NULL, '/Users/jcano/IdeaProjects/brewery/brewing/src/main/java/io/spring/cloud/samples/brewery/bottling/Collaborators.java', 3);
INSERT INTO type (qualified_name, simple_name, package_name, project_root, kind,  extends_type, source_path, line_number) VALUES ('io.spring.cloud.samples.brewery.bottling.PresentingClient', 'PresentingClient',  'io.spring.cloud.samples.brewery.bottling', '/Users/jcano/IdeaProjects/brewery', 'INTERFACE',  NULL, '/Users/jcano/IdeaProjects/brewery/brewing/src/main/java/io/spring/cloud/samples/brewery/bottling/PresentingClient.java', 11);
INSERT INTO type (qualified_name, simple_name, package_name, project_root, kind,  extends_type, source_path, line_number) VALUES ('io.spring.cloud.samples.brewery.common.BottlingService', 'BottlingService',  'io.spring.cloud.samples.brewery.common', '/Users/jcano/IdeaProjects/brewery', 'INTERFACE',  NULL, '/Users/jcano/IdeaProjects/brewery/brewing/src/main/java/io/spring/cloud/samples/brewery/common/BottlingService.java', 5);
INSERT INTO type (qualified_name, simple_name, package_name, project_root, kind,  extends_type, source_path, line_number) VALUES ('io.spring.cloud.samples.brewery.common.CommonConfiguration', 'CommonConfiguration',  'io.spring.cloud.samples.brewery.common', '/Users/jcano/IdeaProjects/brewery', 'CLASS',  NULL, '/Users/jcano/IdeaProjects/brewery/brewing/src/main/java/io/spring/cloud/samples/brewery/common/CommonConfiguration.java', 19);
INSERT INTO type (qualified_name, simple_name, package_name, project_root, kind,  extends_type, source_path, line_number) VALUES ('io.spring.cloud.samples.brewery.common.MaturingService', 'MaturingService',  'io.spring.cloud.samples.brewery.common', '/Users/jcano/IdeaProjects/brewery', 'INTERFACE',  NULL, '/Users/jcano/IdeaProjects/brewery/brewing/src/main/java/io/spring/cloud/samples/brewery/common/MaturingService.java', 5);
INSERT INTO type (qualified_name, simple_name, package_name, project_root, kind,  extends_type, source_path, line_number) VALUES ('io.spring.cloud.samples.brewery.common.TestCommunication', 'TestCommunication',  'io.spring.cloud.samples.brewery.common', '/Users/jcano/IdeaProjects/brewery', 'CLASS',  NULL, '/Users/jcano/IdeaProjects/brewery/common/src/main/java/io/spring/cloud/samples/brewery/common/TestCommunication.java', 7);
INSERT INTO type (qualified_name, simple_name, package_name, project_root, kind,  extends_type, source_path, line_number) VALUES ('io.spring.cloud.samples.brewery.common.TestConfiguration', 'TestConfiguration',  'io.spring.cloud.samples.brewery.common', '/Users/jcano/IdeaProjects/brewery', 'CLASS',  NULL, '/Users/jcano/IdeaProjects/brewery/common/src/main/java/io/spring/cloud/samples/brewery/common/TestConfiguration.java', 20);
INSERT INTO type (qualified_name, simple_name, package_name, project_root, kind,  extends_type, source_path, line_number) VALUES ('io.spring.cloud.samples.brewery.common.TestRequestEntityBuilder', 'TestRequestEntityBuilder',  'io.spring.cloud.samples.brewery.common', '/Users/jcano/IdeaProjects/brewery', 'CLASS',  NULL, '/Users/jcano/IdeaProjects/brewery/common/src/main/java/io/spring/cloud/samples/brewery/common/TestRequestEntityBuilder.java', 9);
INSERT INTO type (qualified_name, simple_name, package_name, project_root, kind,  extends_type, source_path, line_number) VALUES ('io.spring.cloud.samples.brewery.common.events.Event', 'Event',  'io.spring.cloud.samples.brewery.common.events', '/Users/jcano/IdeaProjects/brewery', 'CLASS',  NULL, '/Users/jcano/IdeaProjects/brewery/common/src/main/java/io/spring/cloud/samples/brewery/common/events/Event.java', 6);
INSERT INTO type (qualified_name, simple_name, package_name, project_root, kind,  extends_type, source_path, line_number) VALUES ('io.spring.cloud.samples.brewery.common.events.EventGateway', 'EventGateway',  'io.spring.cloud.samples.brewery.common.events', '/Users/jcano/IdeaProjects/brewery', 'CLASS',  NULL, '/Users/jcano/IdeaProjects/brewery/common/src/main/java/io/spring/cloud/samples/brewery/common/events/EventGateway.java', 10);
INSERT INTO type (qualified_name, simple_name, package_name, project_root, kind,  extends_type, source_path, line_number) VALUES ('io.spring.cloud.samples.brewery.common.events.EventType', 'EventType',  'io.spring.cloud.samples.brewery.common.events', '/Users/jcano/IdeaProjects/brewery', 'CLASS',  NULL, '/Users/jcano/IdeaProjects/brewery/common/src/main/java/io/spring/cloud/samples/brewery/common/events/EventType.java', 3);
INSERT INTO type (qualified_name, simple_name, package_name, project_root, kind,  extends_type, source_path, line_number) VALUES ('io.spring.cloud.samples.brewery.common.model.Ingredient', 'Ingredient',  'io.spring.cloud.samples.brewery.common.model', '/Users/jcano/IdeaProjects/brewery', 'CLASS',  NULL, '/Users/jcano/IdeaProjects/brewery/common/src/main/java/io/spring/cloud/samples/brewery/common/model/Ingredient.java', 3);
INSERT INTO type (qualified_name, simple_name, package_name, project_root, kind,  extends_type, source_path, line_number) VALUES ('io.spring.cloud.samples.brewery.common.model.IngredientType', 'IngredientType',  'io.spring.cloud.samples.brewery.common.model', '/Users/jcano/IdeaProjects/brewery', 'CLASS',  NULL, '/Users/jcano/IdeaProjects/brewery/common/src/main/java/io/spring/cloud/samples/brewery/common/model/IngredientType.java', 3);
INSERT INTO type (qualified_name, simple_name, package_name, project_root, kind,  extends_type, source_path, line_number) VALUES ('io.spring.cloud.samples.brewery.common.model.Ingredients', 'Ingredients',  'io.spring.cloud.samples.brewery.common.model', '/Users/jcano/IdeaProjects/brewery', 'CLASS',  NULL, '/Users/jcano/IdeaProjects/brewery/common/src/main/java/io/spring/cloud/samples/brewery/common/model/Ingredients.java', 6);
INSERT INTO type (qualified_name, simple_name, package_name, project_root, kind,  extends_type, source_path, line_number) VALUES ('io.spring.cloud.samples.brewery.common.model.Order', 'Order',  'io.spring.cloud.samples.brewery.common.model', '/Users/jcano/IdeaProjects/brewery', 'CLASS',  NULL, '/Users/jcano/IdeaProjects/brewery/common/src/main/java/io/spring/cloud/samples/brewery/common/model/Order.java', 6);
INSERT INTO type (qualified_name, simple_name, package_name, project_root, kind,  extends_type, source_path, line_number) VALUES ('io.spring.cloud.samples.brewery.common.model.Version', 'Version',  'io.spring.cloud.samples.brewery.common.model', '/Users/jcano/IdeaProjects/brewery', 'CLASS',  NULL, '/Users/jcano/IdeaProjects/brewery/common/src/main/java/io/spring/cloud/samples/brewery/common/model/Version.java', 3);
INSERT INTO type (qualified_name, simple_name, package_name, project_root, kind,  extends_type, source_path, line_number) VALUES ('io.spring.cloud.samples.brewery.common.model.Wort', 'Wort',  'io.spring.cloud.samples.brewery.common.model', '/Users/jcano/IdeaProjects/brewery', 'CLASS',  NULL, '/Users/jcano/IdeaProjects/brewery/common/src/main/java/io/spring/cloud/samples/brewery/common/model/Wort.java', 3);
INSERT INTO type (qualified_name, simple_name, package_name, project_root, kind,  extends_type, source_path, line_number) VALUES ('io.spring.cloud.samples.brewery.configserver.ConfigServerApplication', 'ConfigServerApplication',  'io.spring.cloud.samples.brewery.configserver', '/Users/jcano/IdeaProjects/brewery', 'CLASS',  NULL, '/Users/jcano/IdeaProjects/brewery/config-server/src/main/java/io/spring/cloud/samples/brewery/configserver/ConfigServerApplication.java', 7);
INSERT INTO type (qualified_name, simple_name, package_name, project_root, kind,  extends_type, source_path, line_number) VALUES ('io.spring.cloud.samples.brewery.eureka.EurekaApplication', 'EurekaApplication',  'io.spring.cloud.samples.brewery.eureka', '/Users/jcano/IdeaProjects/brewery', 'CLASS',  NULL, '/Users/jcano/IdeaProjects/brewery/eureka/src/main/java/io/spring/cloud/samples/brewery/eureka/EurekaApplication.java', 8);
INSERT INTO type (qualified_name, simple_name, package_name, project_root, kind,  extends_type, source_path, line_number) VALUES ('io.spring.cloud.samples.brewery.gateway.GatewayApplication', 'GatewayApplication',  'io.spring.cloud.samples.brewery.gateway', '/Users/jcano/IdeaProjects/brewery', 'CLASS',  NULL, '/Users/jcano/IdeaProjects/brewery/gateway/src/main/java/io/spring/cloud/samples/brewery/gateway/GatewayApplication.java', 11);
INSERT INTO type (qualified_name, simple_name, package_name, project_root, kind,  extends_type, source_path, line_number) VALUES ('io.spring.cloud.samples.brewery.ingredients.IngredientsApplication', 'IngredientsApplication',  'io.spring.cloud.samples.brewery.ingredients', '/Users/jcano/IdeaProjects/brewery', 'CLASS',  NULL, '/Users/jcano/IdeaProjects/brewery/ingredients/src/main/java/io/spring/cloud/samples/brewery/ingredients/IngredientsApplication.java', 8);
INSERT INTO type (qualified_name, simple_name, package_name, project_root, kind,  extends_type, source_path, line_number) VALUES ('io.spring.cloud.samples.brewery.ingredients.IngredientsConfiguration', 'IngredientsConfiguration',  'io.spring.cloud.samples.brewery.ingredients', '/Users/jcano/IdeaProjects/brewery', 'CLASS',  NULL, '/Users/jcano/IdeaProjects/brewery/ingredients/src/main/java/io/spring/cloud/samples/brewery/ingredients/IngredientsConfiguration.java', 10);
INSERT INTO type (qualified_name, simple_name, package_name, project_root, kind,  extends_type, source_path, line_number) VALUES ('io.spring.cloud.samples.brewery.ingredients.IngredientsFeignController', 'IngredientsFeignController',  'io.spring.cloud.samples.brewery.ingredients', '/Users/jcano/IdeaProjects/brewery', 'CLASS',  NULL, '/Users/jcano/IdeaProjects/brewery/ingredients/src/main/java/io/spring/cloud/samples/brewery/ingredients/IngredientsFeignController.java', 13);
INSERT INTO type (qualified_name, simple_name, package_name, project_root, kind,  extends_type, source_path, line_number) VALUES ('io.spring.cloud.samples.brewery.ingredients.IngredientsFetchController', 'IngredientsFetchController',  'io.spring.cloud.samples.brewery.ingredients', '/Users/jcano/IdeaProjects/brewery', 'CLASS',  NULL, '/Users/jcano/IdeaProjects/brewery/ingredients/src/main/java/io/spring/cloud/samples/brewery/ingredients/IngredientsFetchController.java', 12);
INSERT INTO type (qualified_name, simple_name, package_name, project_root, kind,  extends_type, source_path, line_number) VALUES ('io.spring.cloud.samples.brewery.ingredients.StubbedIngredientsProperties', 'StubbedIngredientsProperties',  'io.spring.cloud.samples.brewery.ingredients', '/Users/jcano/IdeaProjects/brewery', 'CLASS',  NULL, '/Users/jcano/IdeaProjects/brewery/ingredients/src/main/java/io/spring/cloud/samples/brewery/ingredients/StubbedIngredientsProperties.java', 5);
INSERT INTO type (qualified_name, simple_name, package_name, project_root, kind,  extends_type, source_path, line_number) VALUES ('io.spring.cloud.samples.brewery.maturing.BottlingServiceUpdater', 'BottlingServiceUpdater',  'io.spring.cloud.samples.brewery.maturing', '/Users/jcano/IdeaProjects/brewery', 'CLASS',  NULL, '/Users/jcano/IdeaProjects/brewery/brewing/src/main/java/io/spring/cloud/samples/brewery/maturing/BottlingServiceUpdater.java', 24);
INSERT INTO type (qualified_name, simple_name, package_name, project_root, kind,  extends_type, source_path, line_number) VALUES ('io.spring.cloud.samples.brewery.maturing.BrewConfiguration', 'BrewConfiguration',  'io.spring.cloud.samples.brewery.maturing', '/Users/jcano/IdeaProjects/brewery', 'CLASS',  NULL, '/Users/jcano/IdeaProjects/brewery/brewing/src/main/java/io/spring/cloud/samples/brewery/maturing/BrewConfiguration.java', 16);
INSERT INTO type (qualified_name, simple_name, package_name, project_root, kind,  extends_type, source_path, line_number) VALUES ('io.spring.cloud.samples.brewery.maturing.BrewProperties', 'BrewProperties',  'io.spring.cloud.samples.brewery.maturing', '/Users/jcano/IdeaProjects/brewery', 'CLASS',  NULL, '/Users/jcano/IdeaProjects/brewery/brewing/src/main/java/io/spring/cloud/samples/brewery/maturing/BrewProperties.java', 5);
INSERT INTO type (qualified_name, simple_name, package_name, project_root, kind,  extends_type, source_path, line_number) VALUES ('io.spring.cloud.samples.brewery.maturing.Collaborators', 'Collaborators',  'io.spring.cloud.samples.brewery.maturing', '/Users/jcano/IdeaProjects/brewery', 'CLASS',  NULL, '/Users/jcano/IdeaProjects/brewery/brewing/src/main/java/io/spring/cloud/samples/brewery/maturing/Collaborators.java', 3);
INSERT INTO type (qualified_name, simple_name, package_name, project_root, kind,  extends_type, source_path, line_number) VALUES ('io.spring.cloud.samples.brewery.maturing.Maturer', 'Maturer',  'io.spring.cloud.samples.brewery.maturing', '/Users/jcano/IdeaProjects/brewery', 'CLASS',  NULL, '/Users/jcano/IdeaProjects/brewery/brewing/src/main/java/io/spring/cloud/samples/brewery/maturing/Maturer.java', 8);
INSERT INTO type (qualified_name, simple_name, package_name, project_root, kind,  extends_type, source_path, line_number) VALUES ('io.spring.cloud.samples.brewery.maturing.PresentingServiceClient', 'PresentingServiceClient',  'io.spring.cloud.samples.brewery.maturing', '/Users/jcano/IdeaProjects/brewery', 'INTERFACE',  NULL, '/Users/jcano/IdeaProjects/brewery/brewing/src/main/java/io/spring/cloud/samples/brewery/maturing/PresentingServiceClient.java', 10);
INSERT INTO type (qualified_name, simple_name, package_name, project_root, kind,  extends_type, source_path, line_number) VALUES ('io.spring.cloud.samples.brewery.presenting.PresentingApplication', 'PresentingApplication',  'io.spring.cloud.samples.brewery.presenting', '/Users/jcano/IdeaProjects/brewery', 'CLASS',  NULL, '/Users/jcano/IdeaProjects/brewery/presenting/src/main/java/io/spring/cloud/samples/brewery/presenting/PresentingApplication.java', 14);
INSERT INTO type (qualified_name, simple_name, package_name, project_root, kind,  extends_type, source_path, line_number) VALUES ('io.spring.cloud.samples.brewery.presenting.config.Collaborators', 'Collaborators',  'io.spring.cloud.samples.brewery.presenting.config', '/Users/jcano/IdeaProjects/brewery', 'CLASS',  NULL, '/Users/jcano/IdeaProjects/brewery/presenting/src/main/java/io/spring/cloud/samples/brewery/presenting/config/Collaborators.java', 3);
INSERT INTO type (qualified_name, simple_name, package_name, project_root, kind,  extends_type, source_path, line_number) VALUES ('io.spring.cloud.samples.brewery.presenting.config.Versions', 'Versions',  'io.spring.cloud.samples.brewery.presenting.config', '/Users/jcano/IdeaProjects/brewery', 'CLASS',  NULL, '/Users/jcano/IdeaProjects/brewery/presenting/src/main/java/io/spring/cloud/samples/brewery/presenting/config/Versions.java', 3);
INSERT INTO type (qualified_name, simple_name, package_name, project_root, kind,  extends_type, source_path, line_number) VALUES ('io.spring.cloud.samples.brewery.presenting.feed.FeedController', 'FeedController',  'io.spring.cloud.samples.brewery.presenting.feed', '/Users/jcano/IdeaProjects/brewery', 'CLASS',  NULL, '/Users/jcano/IdeaProjects/brewery/presenting/src/main/java/io/spring/cloud/samples/brewery/presenting/feed/FeedController.java', 23);
INSERT INTO type (qualified_name, simple_name, package_name, project_root, kind,  extends_type, source_path, line_number) VALUES ('io.spring.cloud.samples.brewery.presenting.feed.FeedRepository', 'FeedRepository',  'io.spring.cloud.samples.brewery.presenting.feed', '/Users/jcano/IdeaProjects/brewery', 'CLASS',  NULL, '/Users/jcano/IdeaProjects/brewery/presenting/src/main/java/io/spring/cloud/samples/brewery/presenting/feed/FeedRepository.java', 17);
INSERT INTO type (qualified_name, simple_name, package_name, project_root, kind,  extends_type, source_path, line_number) VALUES ('io.spring.cloud.samples.brewery.presenting.feed.Process', 'Process',  'io.spring.cloud.samples.brewery.presenting.feed', '/Users/jcano/IdeaProjects/brewery', 'CLASS',  NULL, '/Users/jcano/IdeaProjects/brewery/presenting/src/main/java/io/spring/cloud/samples/brewery/presenting/feed/Process.java', 3);
INSERT INTO type (qualified_name, simple_name, package_name, project_root, kind,  extends_type, source_path, line_number) VALUES ('io.spring.cloud.samples.brewery.presenting.feed.ProcessState', 'ProcessState',  'io.spring.cloud.samples.brewery.presenting.feed', '/Users/jcano/IdeaProjects/brewery', 'CLASS',  NULL, '/Users/jcano/IdeaProjects/brewery/presenting/src/main/java/io/spring/cloud/samples/brewery/presenting/feed/ProcessState.java', 3);
INSERT INTO type (qualified_name, simple_name, package_name, project_root, kind,  extends_type, source_path, line_number) VALUES ('io.spring.cloud.samples.brewery.presenting.present.BrewingServiceClient', 'BrewingServiceClient',  'io.spring.cloud.samples.brewery.presenting.present', '/Users/jcano/IdeaProjects/brewery', 'INTERFACE',  NULL, '/Users/jcano/IdeaProjects/brewery/presenting/src/main/java/io/spring/cloud/samples/brewery/presenting/present/BrewingServiceClient.java', 11);
INSERT INTO type (qualified_name, simple_name, package_name, project_root, kind,  extends_type, source_path, line_number) VALUES ('io.spring.cloud.samples.brewery.presenting.present.PresentController', 'PresentController',  'io.spring.cloud.samples.brewery.presenting.present', '/Users/jcano/IdeaProjects/brewery', 'CLASS',  NULL, '/Users/jcano/IdeaProjects/brewery/presenting/src/main/java/io/spring/cloud/samples/brewery/presenting/present/PresentController.java', 29);
INSERT INTO type (qualified_name, simple_name, package_name, project_root, kind,  extends_type, source_path, line_number) VALUES ('io.spring.cloud.samples.brewery.reporting.BeerEvents', 'BeerEvents',  'io.spring.cloud.samples.brewery.reporting', '/Users/jcano/IdeaProjects/brewery', 'CLASS',  NULL, '/Users/jcano/IdeaProjects/brewery/reporting/src/main/java/io/spring/cloud/samples/brewery/reporting/BeerEvents.java', 3);
INSERT INTO type (qualified_name, simple_name, package_name, project_root, kind,  extends_type, source_path, line_number) VALUES ('io.spring.cloud.samples.brewery.reporting.EventListener', 'EventListener',  'io.spring.cloud.samples.brewery.reporting', '/Users/jcano/IdeaProjects/brewery', 'CLASS',  NULL, '/Users/jcano/IdeaProjects/brewery/reporting/src/main/java/io/spring/cloud/samples/brewery/reporting/EventListener.java', 16);
INSERT INTO type (qualified_name, simple_name, package_name, project_root, kind,  extends_type, source_path, line_number) VALUES ('io.spring.cloud.samples.brewery.reporting.ReportingApplication', 'ReportingApplication',  'io.spring.cloud.samples.brewery.reporting', '/Users/jcano/IdeaProjects/brewery', 'CLASS',  NULL, '/Users/jcano/IdeaProjects/brewery/reporting/src/main/java/io/spring/cloud/samples/brewery/reporting/ReportingApplication.java', 8);
INSERT INTO type (qualified_name, simple_name, package_name, project_root, kind,  extends_type, source_path, line_number) VALUES ('io.spring.cloud.samples.brewery.reporting.ReportingController', 'ReportingController',  'io.spring.cloud.samples.brewery.reporting', '/Users/jcano/IdeaProjects/brewery', 'CLASS',  NULL, '/Users/jcano/IdeaProjects/brewery/reporting/src/main/java/io/spring/cloud/samples/brewery/reporting/ReportingController.java', 12);
INSERT INTO type (qualified_name, simple_name, package_name, project_root, kind,  extends_type, source_path, line_number) VALUES ('io.spring.cloud.samples.brewery.reporting.ReportingRepository', 'ReportingRepository',  'io.spring.cloud.samples.brewery.reporting', '/Users/jcano/IdeaProjects/brewery', 'CLASS',  NULL, '/Users/jcano/IdeaProjects/brewery/reporting/src/main/java/io/spring/cloud/samples/brewery/reporting/ReportingRepository.java', 13);

-- ── type_annotation ─────────────────────────────────────────
INSERT INTO type_annotation (type_qualified_name, project_root, annotation_name) VALUES ('io.spring.cloud.samples.brewery.BrewingApplication', '/Users/jcano/IdeaProjects/brewery', 'SpringBootApplication');
INSERT INTO type_annotation (type_qualified_name, project_root, annotation_name) VALUES ('io.spring.cloud.samples.brewery.BrewingApplication', '/Users/jcano/IdeaProjects/brewery', 'EnableFeignClients');
INSERT INTO type_annotation (type_qualified_name, project_root, annotation_name) VALUES ('io.spring.cloud.samples.brewery.BrewingApplication', '/Users/jcano/IdeaProjects/brewery', 'Import');
INSERT INTO type_annotation (type_qualified_name, project_root, annotation_name) VALUES ('io.spring.cloud.samples.brewery.aggregating.AggregationConfiguration', '/Users/jcano/IdeaProjects/brewery', 'Configuration');
INSERT INTO type_annotation (type_qualified_name, project_root, annotation_name) VALUES ('io.spring.cloud.samples.brewery.aggregating.AggregationConfiguration', '/Users/jcano/IdeaProjects/brewery', 'Import');
INSERT INTO type_annotation (type_qualified_name, project_root, annotation_name) VALUES ('io.spring.cloud.samples.brewery.aggregating.AggregationConfiguration', '/Users/jcano/IdeaProjects/brewery', 'EnableConfigurationProperties');
INSERT INTO type_annotation (type_qualified_name, project_root, annotation_name) VALUES ('io.spring.cloud.samples.brewery.aggregating.IngredientWarehouse', '/Users/jcano/IdeaProjects/brewery', 'Service');
INSERT INTO type_annotation (type_qualified_name, project_root, annotation_name) VALUES ('io.spring.cloud.samples.brewery.aggregating.IngredientsAggregator', '/Users/jcano/IdeaProjects/brewery', 'Component');
INSERT INTO type_annotation (type_qualified_name, project_root, annotation_name) VALUES ('io.spring.cloud.samples.brewery.aggregating.IngredientsController', '/Users/jcano/IdeaProjects/brewery', 'RestController');
INSERT INTO type_annotation (type_qualified_name, project_root, annotation_name) VALUES ('io.spring.cloud.samples.brewery.aggregating.IngredientsController', '/Users/jcano/IdeaProjects/brewery', 'RequestMapping');
INSERT INTO type_annotation (type_qualified_name, project_root, annotation_name) VALUES ('io.spring.cloud.samples.brewery.aggregating.IngredientsProperties', '/Users/jcano/IdeaProjects/brewery', 'ConfigurationProperties');
INSERT INTO type_annotation (type_qualified_name, project_root, annotation_name) VALUES ('io.spring.cloud.samples.brewery.aggregating.IngredientsProxy', '/Users/jcano/IdeaProjects/brewery', 'FeignClient');
INSERT INTO type_annotation (type_qualified_name, project_root, annotation_name) VALUES ('io.spring.cloud.samples.brewery.bottling.Bottler', '/Users/jcano/IdeaProjects/brewery', 'Service');
INSERT INTO type_annotation (type_qualified_name, project_root, annotation_name) VALUES ('io.spring.cloud.samples.brewery.bottling.BottlingConfiguration', '/Users/jcano/IdeaProjects/brewery', 'Configuration');
INSERT INTO type_annotation (type_qualified_name, project_root, annotation_name) VALUES ('io.spring.cloud.samples.brewery.bottling.BottlingConfiguration', '/Users/jcano/IdeaProjects/brewery', 'Import');
INSERT INTO type_annotation (type_qualified_name, project_root, annotation_name) VALUES ('io.spring.cloud.samples.brewery.bottling.PresentingClient', '/Users/jcano/IdeaProjects/brewery', 'FeignClient');
INSERT INTO type_annotation (type_qualified_name, project_root, annotation_name) VALUES ('io.spring.cloud.samples.brewery.common.CommonConfiguration', '/Users/jcano/IdeaProjects/brewery', 'Configuration');
INSERT INTO type_annotation (type_qualified_name, project_root, annotation_name) VALUES ('io.spring.cloud.samples.brewery.common.TestConfiguration', '/Users/jcano/IdeaProjects/brewery', 'Configuration');
INSERT INTO type_annotation (type_qualified_name, project_root, annotation_name) VALUES ('io.spring.cloud.samples.brewery.common.TestConfiguration', '/Users/jcano/IdeaProjects/brewery', 'ComponentScan');
INSERT INTO type_annotation (type_qualified_name, project_root, annotation_name) VALUES ('io.spring.cloud.samples.brewery.common.TestConfiguration', '/Users/jcano/IdeaProjects/brewery', 'IntegrationComponentScan');
INSERT INTO type_annotation (type_qualified_name, project_root, annotation_name) VALUES ('io.spring.cloud.samples.brewery.common.events.EventGateway', '/Users/jcano/IdeaProjects/brewery', 'Component');
INSERT INTO type_annotation (type_qualified_name, project_root, annotation_name) VALUES ('io.spring.cloud.samples.brewery.configserver.ConfigServerApplication', '/Users/jcano/IdeaProjects/brewery', 'SpringBootApplication');
INSERT INTO type_annotation (type_qualified_name, project_root, annotation_name) VALUES ('io.spring.cloud.samples.brewery.configserver.ConfigServerApplication', '/Users/jcano/IdeaProjects/brewery', 'EnableConfigServer');
INSERT INTO type_annotation (type_qualified_name, project_root, annotation_name) VALUES ('io.spring.cloud.samples.brewery.eureka.EurekaApplication', '/Users/jcano/IdeaProjects/brewery', 'SpringBootApplication');
INSERT INTO type_annotation (type_qualified_name, project_root, annotation_name) VALUES ('io.spring.cloud.samples.brewery.eureka.EurekaApplication', '/Users/jcano/IdeaProjects/brewery', 'Configuration');
INSERT INTO type_annotation (type_qualified_name, project_root, annotation_name) VALUES ('io.spring.cloud.samples.brewery.eureka.EurekaApplication', '/Users/jcano/IdeaProjects/brewery', 'EnableEurekaServer');
INSERT INTO type_annotation (type_qualified_name, project_root, annotation_name) VALUES ('io.spring.cloud.samples.brewery.gateway.GatewayApplication', '/Users/jcano/IdeaProjects/brewery', 'SpringBootApplication');
INSERT INTO type_annotation (type_qualified_name, project_root, annotation_name) VALUES ('io.spring.cloud.samples.brewery.gateway.GatewayApplication', '/Users/jcano/IdeaProjects/brewery', 'Import');
INSERT INTO type_annotation (type_qualified_name, project_root, annotation_name) VALUES ('io.spring.cloud.samples.brewery.ingredients.IngredientsApplication', '/Users/jcano/IdeaProjects/brewery', 'SpringBootApplication');
INSERT INTO type_annotation (type_qualified_name, project_root, annotation_name) VALUES ('io.spring.cloud.samples.brewery.ingredients.IngredientsApplication', '/Users/jcano/IdeaProjects/brewery', 'Import');
INSERT INTO type_annotation (type_qualified_name, project_root, annotation_name) VALUES ('io.spring.cloud.samples.brewery.ingredients.IngredientsConfiguration', '/Users/jcano/IdeaProjects/brewery', 'Configuration');
INSERT INTO type_annotation (type_qualified_name, project_root, annotation_name) VALUES ('io.spring.cloud.samples.brewery.ingredients.IngredientsConfiguration', '/Users/jcano/IdeaProjects/brewery', 'EnableConfigurationProperties');
INSERT INTO type_annotation (type_qualified_name, project_root, annotation_name) VALUES ('io.spring.cloud.samples.brewery.ingredients.IngredientsFeignController', '/Users/jcano/IdeaProjects/brewery', 'RestController');
INSERT INTO type_annotation (type_qualified_name, project_root, annotation_name) VALUES ('io.spring.cloud.samples.brewery.ingredients.IngredientsFeignController', '/Users/jcano/IdeaProjects/brewery', 'RequestMapping');
INSERT INTO type_annotation (type_qualified_name, project_root, annotation_name) VALUES ('io.spring.cloud.samples.brewery.ingredients.IngredientsFetchController', '/Users/jcano/IdeaProjects/brewery', 'RestController');
INSERT INTO type_annotation (type_qualified_name, project_root, annotation_name) VALUES ('io.spring.cloud.samples.brewery.ingredients.StubbedIngredientsProperties', '/Users/jcano/IdeaProjects/brewery', 'ConfigurationProperties');
INSERT INTO type_annotation (type_qualified_name, project_root, annotation_name) VALUES ('io.spring.cloud.samples.brewery.maturing.BrewConfiguration', '/Users/jcano/IdeaProjects/brewery', 'Configuration');
INSERT INTO type_annotation (type_qualified_name, project_root, annotation_name) VALUES ('io.spring.cloud.samples.brewery.maturing.BrewConfiguration', '/Users/jcano/IdeaProjects/brewery', 'Import');
INSERT INTO type_annotation (type_qualified_name, project_root, annotation_name) VALUES ('io.spring.cloud.samples.brewery.maturing.BrewConfiguration', '/Users/jcano/IdeaProjects/brewery', 'EnableConfigurationProperties');
INSERT INTO type_annotation (type_qualified_name, project_root, annotation_name) VALUES ('io.spring.cloud.samples.brewery.maturing.BrewProperties', '/Users/jcano/IdeaProjects/brewery', 'ConfigurationProperties');
INSERT INTO type_annotation (type_qualified_name, project_root, annotation_name) VALUES ('io.spring.cloud.samples.brewery.maturing.Maturer', '/Users/jcano/IdeaProjects/brewery', 'Service');
INSERT INTO type_annotation (type_qualified_name, project_root, annotation_name) VALUES ('io.spring.cloud.samples.brewery.maturing.PresentingServiceClient', '/Users/jcano/IdeaProjects/brewery', 'FeignClient');
INSERT INTO type_annotation (type_qualified_name, project_root, annotation_name) VALUES ('io.spring.cloud.samples.brewery.presenting.PresentingApplication', '/Users/jcano/IdeaProjects/brewery', 'SpringBootApplication');
INSERT INTO type_annotation (type_qualified_name, project_root, annotation_name) VALUES ('io.spring.cloud.samples.brewery.presenting.PresentingApplication', '/Users/jcano/IdeaProjects/brewery', 'EnableAsync');
INSERT INTO type_annotation (type_qualified_name, project_root, annotation_name) VALUES ('io.spring.cloud.samples.brewery.presenting.PresentingApplication', '/Users/jcano/IdeaProjects/brewery', 'EnableFeignClients');
INSERT INTO type_annotation (type_qualified_name, project_root, annotation_name) VALUES ('io.spring.cloud.samples.brewery.presenting.PresentingApplication', '/Users/jcano/IdeaProjects/brewery', 'Import');
INSERT INTO type_annotation (type_qualified_name, project_root, annotation_name) VALUES ('io.spring.cloud.samples.brewery.presenting.feed.FeedController', '/Users/jcano/IdeaProjects/brewery', 'RestController');
INSERT INTO type_annotation (type_qualified_name, project_root, annotation_name) VALUES ('io.spring.cloud.samples.brewery.presenting.feed.FeedController', '/Users/jcano/IdeaProjects/brewery', 'RequestMapping');
INSERT INTO type_annotation (type_qualified_name, project_root, annotation_name) VALUES ('io.spring.cloud.samples.brewery.presenting.feed.FeedRepository', '/Users/jcano/IdeaProjects/brewery', 'Component');
INSERT INTO type_annotation (type_qualified_name, project_root, annotation_name) VALUES ('io.spring.cloud.samples.brewery.presenting.present.BrewingServiceClient', '/Users/jcano/IdeaProjects/brewery', 'FeignClient');
INSERT INTO type_annotation (type_qualified_name, project_root, annotation_name) VALUES ('io.spring.cloud.samples.brewery.presenting.present.PresentController', '/Users/jcano/IdeaProjects/brewery', 'RestController');
INSERT INTO type_annotation (type_qualified_name, project_root, annotation_name) VALUES ('io.spring.cloud.samples.brewery.presenting.present.PresentController', '/Users/jcano/IdeaProjects/brewery', 'RequestMapping');
INSERT INTO type_annotation (type_qualified_name, project_root, annotation_name) VALUES ('io.spring.cloud.samples.brewery.reporting.EventListener', '/Users/jcano/IdeaProjects/brewery', 'Component');
INSERT INTO type_annotation (type_qualified_name, project_root, annotation_name) VALUES ('io.spring.cloud.samples.brewery.reporting.ReportingApplication', '/Users/jcano/IdeaProjects/brewery', 'SpringBootApplication');
INSERT INTO type_annotation (type_qualified_name, project_root, annotation_name) VALUES ('io.spring.cloud.samples.brewery.reporting.ReportingApplication', '/Users/jcano/IdeaProjects/brewery', 'Import');
INSERT INTO type_annotation (type_qualified_name, project_root, annotation_name) VALUES ('io.spring.cloud.samples.brewery.reporting.ReportingController', '/Users/jcano/IdeaProjects/brewery', 'RestController');
INSERT INTO type_annotation (type_qualified_name, project_root, annotation_name) VALUES ('io.spring.cloud.samples.brewery.reporting.ReportingRepository', '/Users/jcano/IdeaProjects/brewery', 'Component');

-- ── type_implements ─────────────────────────────────────────
INSERT INTO type_implements (type_qualified_name, project_root, interface_name) VALUES ('io.spring.cloud.samples.brewery.bottling.Bottler', '/Users/jcano/IdeaProjects/brewery', 'BottlingService');
INSERT INTO type_implements (type_qualified_name, project_root, interface_name) VALUES ('io.spring.cloud.samples.brewery.common.events.Event', '/Users/jcano/IdeaProjects/brewery', 'Serializable');
INSERT INTO type_implements (type_qualified_name, project_root, interface_name) VALUES ('io.spring.cloud.samples.brewery.maturing.Maturer', '/Users/jcano/IdeaProjects/brewery', 'MaturingService');
INSERT INTO type_implements (type_qualified_name, project_root, interface_name) VALUES ('io.spring.cloud.samples.brewery.reporting.EventListener', '/Users/jcano/IdeaProjects/brewery', 'Consumer');

-- ── field ──────────────────────────────────────────────────
INSERT INTO field (declaring_type, project_root, name, type_name) VALUES ('MavenWrapperDownloader', '/Users/jcano/IdeaProjects/brewery', 'WRAPPER_VERSION', 'String');
INSERT INTO field (declaring_type, project_root, name, type_name) VALUES ('MavenWrapperDownloader', '/Users/jcano/IdeaProjects/brewery', 'DEFAULT_DOWNLOAD_URL', 'String');
INSERT INTO field (declaring_type, project_root, name, type_name) VALUES ('MavenWrapperDownloader', '/Users/jcano/IdeaProjects/brewery', 'MAVEN_WRAPPER_PROPERTIES_PATH', 'String');
INSERT INTO field (declaring_type, project_root, name, type_name) VALUES ('MavenWrapperDownloader', '/Users/jcano/IdeaProjects/brewery', 'MAVEN_WRAPPER_JAR_PATH', 'String');
INSERT INTO field (declaring_type, project_root, name, type_name) VALUES ('MavenWrapperDownloader', '/Users/jcano/IdeaProjects/brewery', 'PROPERTY_NAME_WRAPPER_URL', 'String');
INSERT INTO field (declaring_type, project_root, name, type_name) VALUES ('io.spring.cloud.samples.brewery.acceptance.common.SpanUtil', '/Users/jcano/IdeaProjects/brewery', 'HEX_DIGITS', 'char[]');
INSERT INTO field (declaring_type, project_root, name, type_name) VALUES ('io.spring.cloud.samples.brewery.acceptance.common.WhatToTest', '/Users/jcano/IdeaProjects/brewery', 'WHAT_TO_TEST_SYSTEM_PROP', 'String');
INSERT INTO field (declaring_type, project_root, name, type_name) VALUES ('io.spring.cloud.samples.brewery.aggregating.Collaborators', '/Users/jcano/IdeaProjects/brewery', 'PROXY', 'String');
INSERT INTO field (declaring_type, project_root, name, type_name) VALUES ('io.spring.cloud.samples.brewery.aggregating.IngredientWarehouse', '/Users/jcano/IdeaProjects/brewery', 'DATABASE', 'Map');
INSERT INTO field (declaring_type, project_root, name, type_name) VALUES ('io.spring.cloud.samples.brewery.aggregating.IngredientsAggregator', '/Users/jcano/IdeaProjects/brewery', 'log', 'Logger');
INSERT INTO field (declaring_type, project_root, name, type_name) VALUES ('io.spring.cloud.samples.brewery.aggregating.IngredientsAggregator', '/Users/jcano/IdeaProjects/brewery', 'maturingUpdater', 'MaturingServiceUpdater');
INSERT INTO field (declaring_type, project_root, name, type_name) VALUES ('io.spring.cloud.samples.brewery.aggregating.IngredientsAggregator', '/Users/jcano/IdeaProjects/brewery', 'ingredientWarehouse', 'IngredientWarehouse');
INSERT INTO field (declaring_type, project_root, name, type_name) VALUES ('io.spring.cloud.samples.brewery.aggregating.IngredientsAggregator', '/Users/jcano/IdeaProjects/brewery', 'ingredientsCollector', 'IngredientsCollector');
INSERT INTO field (declaring_type, project_root, name, type_name) VALUES ('io.spring.cloud.samples.brewery.aggregating.IngredientsAggregator', '/Users/jcano/IdeaProjects/brewery', 'eventGateway', 'EventGateway');
INSERT INTO field (declaring_type, project_root, name, type_name) VALUES ('io.spring.cloud.samples.brewery.aggregating.IngredientsCollector', '/Users/jcano/IdeaProjects/brewery', 'log', 'Logger');
INSERT INTO field (declaring_type, project_root, name, type_name) VALUES ('io.spring.cloud.samples.brewery.aggregating.IngredientsCollector', '/Users/jcano/IdeaProjects/brewery', 'restTemplate', 'RestTemplate');
INSERT INTO field (declaring_type, project_root, name, type_name) VALUES ('io.spring.cloud.samples.brewery.aggregating.IngredientsCollector', '/Users/jcano/IdeaProjects/brewery', 'ingredientsProxy', 'IngredientsProxy');
INSERT INTO field (declaring_type, project_root, name, type_name) VALUES ('io.spring.cloud.samples.brewery.aggregating.IngredientsCollector', '/Users/jcano/IdeaProjects/brewery', 'baggageManager', 'BaggageManager');
INSERT INTO field (declaring_type, project_root, name, type_name) VALUES ('io.spring.cloud.samples.brewery.aggregating.IngredientsController', '/Users/jcano/IdeaProjects/brewery', 'log', 'Logger');
INSERT INTO field (declaring_type, project_root, name, type_name) VALUES ('io.spring.cloud.samples.brewery.aggregating.IngredientsController', '/Users/jcano/IdeaProjects/brewery', 'ingredientsAggregator', 'IngredientsAggregator');
INSERT INTO field (declaring_type, project_root, name, type_name) VALUES ('io.spring.cloud.samples.brewery.aggregating.IngredientsController', '/Users/jcano/IdeaProjects/brewery', 'observationRegistry', 'ObservationRegistry');
INSERT INTO field (declaring_type, project_root, name, type_name) VALUES ('io.spring.cloud.samples.brewery.aggregating.IngredientsProperties', '/Users/jcano/IdeaProjects/brewery', 'threshold', 'Integer');
INSERT INTO field (declaring_type, project_root, name, type_name) VALUES ('io.spring.cloud.samples.brewery.aggregating.MaturingServiceUpdater', '/Users/jcano/IdeaProjects/brewery', 'log', 'Logger');
INSERT INTO field (declaring_type, project_root, name, type_name) VALUES ('io.spring.cloud.samples.brewery.aggregating.MaturingServiceUpdater', '/Users/jcano/IdeaProjects/brewery', 'ingredientsProperties', 'IngredientsProperties');
INSERT INTO field (declaring_type, project_root, name, type_name) VALUES ('io.spring.cloud.samples.brewery.aggregating.MaturingServiceUpdater', '/Users/jcano/IdeaProjects/brewery', 'ingredientWarehouse', 'IngredientWarehouse');
INSERT INTO field (declaring_type, project_root, name, type_name) VALUES ('io.spring.cloud.samples.brewery.aggregating.MaturingServiceUpdater', '/Users/jcano/IdeaProjects/brewery', 'maturingService', 'MaturingService');
INSERT INTO field (declaring_type, project_root, name, type_name) VALUES ('io.spring.cloud.samples.brewery.aggregating.MaturingServiceUpdater', '/Users/jcano/IdeaProjects/brewery', 'eventGateway', 'EventGateway');
INSERT INTO field (declaring_type, project_root, name, type_name) VALUES ('io.spring.cloud.samples.brewery.bottling.Bottler', '/Users/jcano/IdeaProjects/brewery', 'log', 'Logger');
INSERT INTO field (declaring_type, project_root, name, type_name) VALUES ('io.spring.cloud.samples.brewery.bottling.Bottler', '/Users/jcano/IdeaProjects/brewery', 'bottlerService', 'BottlerService');
INSERT INTO field (declaring_type, project_root, name, type_name) VALUES ('io.spring.cloud.samples.brewery.bottling.Bottler', '/Users/jcano/IdeaProjects/brewery', 'circuitBreakerFactory', 'CircuitBreakerFactory');
INSERT INTO field (declaring_type, project_root, name, type_name) VALUES ('io.spring.cloud.samples.brewery.bottling.BottlerService', '/Users/jcano/IdeaProjects/brewery', 'log', 'Logger');
INSERT INTO field (declaring_type, project_root, name, type_name) VALUES ('io.spring.cloud.samples.brewery.bottling.BottlerService', '/Users/jcano/IdeaProjects/brewery', 'bottlingWorker', 'BottlingWorker');
INSERT INTO field (declaring_type, project_root, name, type_name) VALUES ('io.spring.cloud.samples.brewery.bottling.BottlerService', '/Users/jcano/IdeaProjects/brewery', 'presentingClient', 'PresentingClient');
INSERT INTO field (declaring_type, project_root, name, type_name) VALUES ('io.spring.cloud.samples.brewery.bottling.BottlerService', '/Users/jcano/IdeaProjects/brewery', 'restTemplate', 'RestTemplate');
INSERT INTO field (declaring_type, project_root, name, type_name) VALUES ('io.spring.cloud.samples.brewery.bottling.BottlerService', '/Users/jcano/IdeaProjects/brewery', 'observationRegistry', 'ObservationRegistry');
INSERT INTO field (declaring_type, project_root, name, type_name) VALUES ('io.spring.cloud.samples.brewery.bottling.BottlerService', '/Users/jcano/IdeaProjects/brewery', 'factory', 'CircuitBreakerFactory');
INSERT INTO field (declaring_type, project_root, name, type_name) VALUES ('io.spring.cloud.samples.brewery.bottling.BottlerService', '/Users/jcano/IdeaProjects/brewery', 'baggageManager', 'BaggageManager');
INSERT INTO field (declaring_type, project_root, name, type_name) VALUES ('io.spring.cloud.samples.brewery.bottling.BottlingWorker', '/Users/jcano/IdeaProjects/brewery', 'log', 'Logger');
INSERT INTO field (declaring_type, project_root, name, type_name) VALUES ('io.spring.cloud.samples.brewery.bottling.BottlingWorker', '/Users/jcano/IdeaProjects/brewery', 'PROCESS_STATE', 'Map');
INSERT INTO field (declaring_type, project_root, name, type_name) VALUES ('io.spring.cloud.samples.brewery.bottling.BottlingWorker', '/Users/jcano/IdeaProjects/brewery', 'observationRegistry', 'ObservationRegistry');
INSERT INTO field (declaring_type, project_root, name, type_name) VALUES ('io.spring.cloud.samples.brewery.bottling.BottlingWorker', '/Users/jcano/IdeaProjects/brewery', 'presentingClient', 'PresentingClient');
INSERT INTO field (declaring_type, project_root, name, type_name) VALUES ('io.spring.cloud.samples.brewery.bottling.BottlingWorker', '/Users/jcano/IdeaProjects/brewery', 'restTemplate', 'RestTemplate');
INSERT INTO field (declaring_type, project_root, name, type_name) VALUES ('io.spring.cloud.samples.brewery.bottling.BottlingWorker', '/Users/jcano/IdeaProjects/brewery', 'eventGateway', 'EventGateway');
INSERT INTO field (declaring_type, project_root, name, type_name) VALUES ('io.spring.cloud.samples.brewery.bottling.BottlingWorker', '/Users/jcano/IdeaProjects/brewery', 'baggageManager', 'BaggageManager');
INSERT INTO field (declaring_type, project_root, name, type_name) VALUES ('io.spring.cloud.samples.brewery.bottling.Collaborators', '/Users/jcano/IdeaProjects/brewery', 'PRESENTING', 'String');
INSERT INTO field (declaring_type, project_root, name, type_name) VALUES ('io.spring.cloud.samples.brewery.common.TestRequestEntityBuilder', '/Users/jcano/IdeaProjects/brewery', 'PROCESS_ID_HEADER', 'String');
INSERT INTO field (declaring_type, project_root, name, type_name) VALUES ('io.spring.cloud.samples.brewery.common.TestRequestEntityBuilder', '/Users/jcano/IdeaProjects/brewery', 'CONTENT_TYPE_HEADER', 'String');
INSERT INTO field (declaring_type, project_root, name, type_name) VALUES ('io.spring.cloud.samples.brewery.common.TestRequestEntityBuilder', '/Users/jcano/IdeaProjects/brewery', 'processId', 'String');
INSERT INTO field (declaring_type, project_root, name, type_name) VALUES ('io.spring.cloud.samples.brewery.common.TestRequestEntityBuilder', '/Users/jcano/IdeaProjects/brewery', 'serviceName', 'String');
INSERT INTO field (declaring_type, project_root, name, type_name) VALUES ('io.spring.cloud.samples.brewery.common.TestRequestEntityBuilder', '/Users/jcano/IdeaProjects/brewery', 'url', 'String');
INSERT INTO field (declaring_type, project_root, name, type_name) VALUES ('io.spring.cloud.samples.brewery.common.TestRequestEntityBuilder', '/Users/jcano/IdeaProjects/brewery', 'version', 'String');
INSERT INTO field (declaring_type, project_root, name, type_name) VALUES ('io.spring.cloud.samples.brewery.common.TestRequestEntityBuilder', '/Users/jcano/IdeaProjects/brewery', 'httpMethod', 'HttpMethod');
INSERT INTO field (declaring_type, project_root, name, type_name) VALUES ('io.spring.cloud.samples.brewery.common.TestRequestEntityBuilder', '/Users/jcano/IdeaProjects/brewery', 'body', 'Object');
INSERT INTO field (declaring_type, project_root, name, type_name) VALUES ('io.spring.cloud.samples.brewery.common.events.Event', '/Users/jcano/IdeaProjects/brewery', 'processId', 'String');
INSERT INTO field (declaring_type, project_root, name, type_name) VALUES ('io.spring.cloud.samples.brewery.common.events.Event', '/Users/jcano/IdeaProjects/brewery', 'eventType', 'EventType');
INSERT INTO field (declaring_type, project_root, name, type_name) VALUES ('io.spring.cloud.samples.brewery.common.events.Event', '/Users/jcano/IdeaProjects/brewery', 'eventTime', 'LocalDateTime');
INSERT INTO field (declaring_type, project_root, name, type_name) VALUES ('io.spring.cloud.samples.brewery.common.events.EventGateway', '/Users/jcano/IdeaProjects/brewery', 'log', 'Logger');
INSERT INTO field (declaring_type, project_root, name, type_name) VALUES ('io.spring.cloud.samples.brewery.common.events.EventGateway', '/Users/jcano/IdeaProjects/brewery', 'streamBridge', 'ObjectProvider');
INSERT INTO field (declaring_type, project_root, name, type_name) VALUES ('io.spring.cloud.samples.brewery.common.model.Ingredient', '/Users/jcano/IdeaProjects/brewery', 'type', 'IngredientType');
INSERT INTO field (declaring_type, project_root, name, type_name) VALUES ('io.spring.cloud.samples.brewery.common.model.Ingredient', '/Users/jcano/IdeaProjects/brewery', 'quantity', 'Integer');
INSERT INTO field (declaring_type, project_root, name, type_name) VALUES ('io.spring.cloud.samples.brewery.common.model.Ingredients', '/Users/jcano/IdeaProjects/brewery', 'ingredients', 'List');
INSERT INTO field (declaring_type, project_root, name, type_name) VALUES ('io.spring.cloud.samples.brewery.common.model.Order', '/Users/jcano/IdeaProjects/brewery', 'items', 'List');
INSERT INTO field (declaring_type, project_root, name, type_name) VALUES ('io.spring.cloud.samples.brewery.common.model.Version', '/Users/jcano/IdeaProjects/brewery', 'BREWING_V1', 'String');
INSERT INTO field (declaring_type, project_root, name, type_name) VALUES ('io.spring.cloud.samples.brewery.common.model.Version', '/Users/jcano/IdeaProjects/brewery', 'PRESENTING_V1', 'String');
INSERT INTO field (declaring_type, project_root, name, type_name) VALUES ('io.spring.cloud.samples.brewery.ingredients.IngredientsFeignController', '/Users/jcano/IdeaProjects/brewery', 'log', 'Logger');
INSERT INTO field (declaring_type, project_root, name, type_name) VALUES ('io.spring.cloud.samples.brewery.ingredients.IngredientsFeignController', '/Users/jcano/IdeaProjects/brewery', 'stubbedIngredientsProperties', 'StubbedIngredientsProperties');
INSERT INTO field (declaring_type, project_root, name, type_name) VALUES ('io.spring.cloud.samples.brewery.ingredients.IngredientsFetchController', '/Users/jcano/IdeaProjects/brewery', 'log', 'Logger');
INSERT INTO field (declaring_type, project_root, name, type_name) VALUES ('io.spring.cloud.samples.brewery.ingredients.IngredientsFetchController', '/Users/jcano/IdeaProjects/brewery', 'stubbedIngredientsProperties', 'StubbedIngredientsProperties');
INSERT INTO field (declaring_type, project_root, name, type_name) VALUES ('io.spring.cloud.samples.brewery.ingredients.IngredientsFetchController', '/Users/jcano/IdeaProjects/brewery', 'observationRegistry', 'ObservationRegistry');
INSERT INTO field (declaring_type, project_root, name, type_name) VALUES ('io.spring.cloud.samples.brewery.ingredients.StubbedIngredientsProperties', '/Users/jcano/IdeaProjects/brewery', 'returnedIngredientsQuantity', 'Integer');
INSERT INTO field (declaring_type, project_root, name, type_name) VALUES ('io.spring.cloud.samples.brewery.maturing.BottlingServiceUpdater', '/Users/jcano/IdeaProjects/brewery', 'log', 'Logger');
INSERT INTO field (declaring_type, project_root, name, type_name) VALUES ('io.spring.cloud.samples.brewery.maturing.BottlingServiceUpdater', '/Users/jcano/IdeaProjects/brewery', 'brewProperties', 'BrewProperties');
INSERT INTO field (declaring_type, project_root, name, type_name) VALUES ('io.spring.cloud.samples.brewery.maturing.BottlingServiceUpdater', '/Users/jcano/IdeaProjects/brewery', 'observationRegistry', 'ObservationRegistry');
INSERT INTO field (declaring_type, project_root, name, type_name) VALUES ('io.spring.cloud.samples.brewery.maturing.BottlingServiceUpdater', '/Users/jcano/IdeaProjects/brewery', 'presentingServiceClient', 'PresentingServiceClient');
INSERT INTO field (declaring_type, project_root, name, type_name) VALUES ('io.spring.cloud.samples.brewery.maturing.BottlingServiceUpdater', '/Users/jcano/IdeaProjects/brewery', 'bottlingService', 'BottlingService');
INSERT INTO field (declaring_type, project_root, name, type_name) VALUES ('io.spring.cloud.samples.brewery.maturing.BottlingServiceUpdater', '/Users/jcano/IdeaProjects/brewery', 'restTemplate', 'RestTemplate');
INSERT INTO field (declaring_type, project_root, name, type_name) VALUES ('io.spring.cloud.samples.brewery.maturing.BottlingServiceUpdater', '/Users/jcano/IdeaProjects/brewery', 'eventGateway', 'EventGateway');
INSERT INTO field (declaring_type, project_root, name, type_name) VALUES ('io.spring.cloud.samples.brewery.maturing.BottlingServiceUpdater', '/Users/jcano/IdeaProjects/brewery', 'circuitBreakerFactory', 'CircuitBreakerFactory');
INSERT INTO field (declaring_type, project_root, name, type_name) VALUES ('io.spring.cloud.samples.brewery.maturing.BottlingServiceUpdater', '/Users/jcano/IdeaProjects/brewery', 'baggageManager', 'BaggageManager');
INSERT INTO field (declaring_type, project_root, name, type_name) VALUES ('io.spring.cloud.samples.brewery.maturing.BrewProperties', '/Users/jcano/IdeaProjects/brewery', 'timeout', 'Long');
INSERT INTO field (declaring_type, project_root, name, type_name) VALUES ('io.spring.cloud.samples.brewery.maturing.Collaborators', '/Users/jcano/IdeaProjects/brewery', 'BOTTLING', 'String');
INSERT INTO field (declaring_type, project_root, name, type_name) VALUES ('io.spring.cloud.samples.brewery.maturing.Collaborators', '/Users/jcano/IdeaProjects/brewery', 'PRESENTING', 'String');
INSERT INTO field (declaring_type, project_root, name, type_name) VALUES ('io.spring.cloud.samples.brewery.maturing.Maturer', '/Users/jcano/IdeaProjects/brewery', 'log', 'Logger');
INSERT INTO field (declaring_type, project_root, name, type_name) VALUES ('io.spring.cloud.samples.brewery.maturing.Maturer', '/Users/jcano/IdeaProjects/brewery', 'bottlingServiceUpdater', 'BottlingServiceUpdater');
INSERT INTO field (declaring_type, project_root, name, type_name) VALUES ('io.spring.cloud.samples.brewery.presenting.config.Collaborators', '/Users/jcano/IdeaProjects/brewery', 'BREWING', 'String');
INSERT INTO field (declaring_type, project_root, name, type_name) VALUES ('io.spring.cloud.samples.brewery.presenting.config.Versions', '/Users/jcano/IdeaProjects/brewery', 'PRESENTING_JSON_VERSION_1', 'String');
INSERT INTO field (declaring_type, project_root, name, type_name) VALUES ('io.spring.cloud.samples.brewery.presenting.config.Versions', '/Users/jcano/IdeaProjects/brewery', 'BREWING_CONTENT_TYPE_V1', 'String');
INSERT INTO field (declaring_type, project_root, name, type_name) VALUES ('io.spring.cloud.samples.brewery.presenting.feed.FeedController', '/Users/jcano/IdeaProjects/brewery', 'log', 'Logger');
INSERT INTO field (declaring_type, project_root, name, type_name) VALUES ('io.spring.cloud.samples.brewery.presenting.feed.FeedController', '/Users/jcano/IdeaProjects/brewery', 'feedRepository', 'FeedRepository');
INSERT INTO field (declaring_type, project_root, name, type_name) VALUES ('io.spring.cloud.samples.brewery.presenting.feed.FeedController', '/Users/jcano/IdeaProjects/brewery', 'observationRegistry', 'ObservationRegistry');
INSERT INTO field (declaring_type, project_root, name, type_name) VALUES ('io.spring.cloud.samples.brewery.presenting.feed.FeedRepository', '/Users/jcano/IdeaProjects/brewery', 'log', 'Logger');
INSERT INTO field (declaring_type, project_root, name, type_name) VALUES ('io.spring.cloud.samples.brewery.presenting.feed.FeedRepository', '/Users/jcano/IdeaProjects/brewery', 'processes', 'Set');
INSERT INTO field (declaring_type, project_root, name, type_name) VALUES ('io.spring.cloud.samples.brewery.presenting.feed.FeedRepository', '/Users/jcano/IdeaProjects/brewery', 'bottles', 'AtomicInteger');
INSERT INTO field (declaring_type, project_root, name, type_name) VALUES ('io.spring.cloud.samples.brewery.presenting.feed.Process', '/Users/jcano/IdeaProjects/brewery', 'id', 'String');
INSERT INTO field (declaring_type, project_root, name, type_name) VALUES ('io.spring.cloud.samples.brewery.presenting.feed.Process', '/Users/jcano/IdeaProjects/brewery', 'state', 'ProcessState');
INSERT INTO field (declaring_type, project_root, name, type_name) VALUES ('io.spring.cloud.samples.brewery.presenting.present.PresentController', '/Users/jcano/IdeaProjects/brewery', 'PROCESS_ID_HEADER_NAME', 'String');
INSERT INTO field (declaring_type, project_root, name, type_name) VALUES ('io.spring.cloud.samples.brewery.presenting.present.PresentController', '/Users/jcano/IdeaProjects/brewery', 'log', 'Logger');
INSERT INTO field (declaring_type, project_root, name, type_name) VALUES ('io.spring.cloud.samples.brewery.presenting.present.PresentController', '/Users/jcano/IdeaProjects/brewery', 'feedRepository', 'FeedRepository');
INSERT INTO field (declaring_type, project_root, name, type_name) VALUES ('io.spring.cloud.samples.brewery.presenting.present.PresentController', '/Users/jcano/IdeaProjects/brewery', 'observationRegistry', 'ObservationRegistry');
INSERT INTO field (declaring_type, project_root, name, type_name) VALUES ('io.spring.cloud.samples.brewery.presenting.present.PresentController', '/Users/jcano/IdeaProjects/brewery', 'aggregationServiceClient', 'BrewingServiceClient');
INSERT INTO field (declaring_type, project_root, name, type_name) VALUES ('io.spring.cloud.samples.brewery.presenting.present.PresentController', '/Users/jcano/IdeaProjects/brewery', 'restTemplate', 'RestTemplate');
INSERT INTO field (declaring_type, project_root, name, type_name) VALUES ('io.spring.cloud.samples.brewery.presenting.present.PresentController', '/Users/jcano/IdeaProjects/brewery', 'baggageManager', 'BaggageManager');
INSERT INTO field (declaring_type, project_root, name, type_name) VALUES ('io.spring.cloud.samples.brewery.reporting.BeerEvents', '/Users/jcano/IdeaProjects/brewery', 'ingredientsOrderedTime', 'String');
INSERT INTO field (declaring_type, project_root, name, type_name) VALUES ('io.spring.cloud.samples.brewery.reporting.BeerEvents', '/Users/jcano/IdeaProjects/brewery', 'brewingStartedTime', 'String');
INSERT INTO field (declaring_type, project_root, name, type_name) VALUES ('io.spring.cloud.samples.brewery.reporting.BeerEvents', '/Users/jcano/IdeaProjects/brewery', 'beerMaturedTime', 'String');
INSERT INTO field (declaring_type, project_root, name, type_name) VALUES ('io.spring.cloud.samples.brewery.reporting.BeerEvents', '/Users/jcano/IdeaProjects/brewery', 'beerBottledTime', 'String');
INSERT INTO field (declaring_type, project_root, name, type_name) VALUES ('io.spring.cloud.samples.brewery.reporting.EventListener', '/Users/jcano/IdeaProjects/brewery', 'log', 'Logger');
INSERT INTO field (declaring_type, project_root, name, type_name) VALUES ('io.spring.cloud.samples.brewery.reporting.EventListener', '/Users/jcano/IdeaProjects/brewery', 'reportingRepository', 'ReportingRepository');
INSERT INTO field (declaring_type, project_root, name, type_name) VALUES ('io.spring.cloud.samples.brewery.reporting.EventListener', '/Users/jcano/IdeaProjects/brewery', 'observationRegistry', 'ObservationRegistry');
INSERT INTO field (declaring_type, project_root, name, type_name) VALUES ('io.spring.cloud.samples.brewery.reporting.EventListener', '/Users/jcano/IdeaProjects/brewery', 'baggageManager', 'BaggageManager');
INSERT INTO field (declaring_type, project_root, name, type_name) VALUES ('io.spring.cloud.samples.brewery.reporting.ReportingController', '/Users/jcano/IdeaProjects/brewery', 'reportingRepository', 'ReportingRepository');
INSERT INTO field (declaring_type, project_root, name, type_name) VALUES ('io.spring.cloud.samples.brewery.reporting.ReportingRepository', '/Users/jcano/IdeaProjects/brewery', 'eventsDatabase', 'Map');

-- ── method ─────────────────────────────────────────────────
-- ── method_parameter ────────────────────────────────────────
INSERT INTO method (id, declaring_type, project_root, name, visibility,  return_type_name, source_path, line_number) VALUES (1, 'MavenWrapperDownloader', '/Users/jcano/IdeaProjects/brewery', 'main',  'PUBLIC', 'void', '/Users/jcano/IdeaProjects/brewery/.mvn/wrapper/MavenWrapperDownloader.java', 49);
INSERT INTO method_parameter (method_id, position, type_name) VALUES (1, 0, 'String[]');
INSERT INTO method (id, declaring_type, project_root, name, visibility,  return_type_name, source_path, line_number) VALUES (2, 'io.spring.cloud.samples.brewery.BrewingApplication', '/Users/jcano/IdeaProjects/brewery', 'main',  'PUBLIC', 'void', '/Users/jcano/IdeaProjects/brewery/brewing/src/main/java/io/spring/cloud/samples/brewery/BrewingApplication.java', 14);
INSERT INTO method_parameter (method_id, position, type_name) VALUES (2, 0, 'String[]');
INSERT INTO method (id, declaring_type, project_root, name, visibility,  return_type_name, source_path, line_number) VALUES (3, 'io.spring.cloud.samples.brewery.acceptance.ObservabilityBreweryAcceptanceTests', '/Users/jcano/IdeaProjects/brewery', 'should_successfully_pass_Trace_Id_via_rest_template',  'PUBLIC', 'void', '/Users/jcano/IdeaProjects/brewery/acceptance-tests/src/test/groovy/io/spring/cloud/samples/brewery/acceptance/ObservabilityBreweryAcceptanceTests.java', 12);
INSERT INTO method (id, declaring_type, project_root, name, visibility,  return_type_name, source_path, line_number) VALUES (4, 'io.spring.cloud.samples.brewery.acceptance.ObservabilityBreweryAcceptanceTests', '/Users/jcano/IdeaProjects/brewery', 'should_successfully_pass_Trace_Id_via_feign',  'PUBLIC', 'void', '/Users/jcano/IdeaProjects/brewery/acceptance-tests/src/test/groovy/io/spring/cloud/samples/brewery/acceptance/ObservabilityBreweryAcceptanceTests.java', 18);
INSERT INTO method (id, declaring_type, project_root, name, visibility,  return_type_name, source_path, line_number) VALUES (5, 'io.spring.cloud.samples.brewery.acceptance.ServiceDiscoveryAcceptanceTests', '/Users/jcano/IdeaProjects/brewery', 'before',  'PUBLIC', 'void', '/Users/jcano/IdeaProjects/brewery/acceptance-tests/src/test/groovy/io/spring/cloud/samples/brewery/acceptance/ServiceDiscoveryAcceptanceTests.java', 15);
INSERT INTO method (id, declaring_type, project_root, name, visibility,  return_type_name, source_path, line_number) VALUES (6, 'io.spring.cloud.samples.brewery.acceptance.ServiceDiscoveryAcceptanceTests', '/Users/jcano/IdeaProjects/brewery', 'should_successfully_brew_the_beer_via_rest_template_and_service_discovery',  'PUBLIC', 'void', '/Users/jcano/IdeaProjects/brewery/acceptance-tests/src/test/groovy/io/spring/cloud/samples/brewery/acceptance/ServiceDiscoveryAcceptanceTests.java', 20);
INSERT INTO method (id, declaring_type, project_root, name, visibility,  return_type_name, source_path, line_number) VALUES (7, 'io.spring.cloud.samples.brewery.acceptance.ServiceDiscoveryAcceptanceTests', '/Users/jcano/IdeaProjects/brewery', 'should_successfully_brew_the_beer_via_feign_and_service_discovery',  'PUBLIC', 'void', '/Users/jcano/IdeaProjects/brewery/acceptance-tests/src/test/groovy/io/spring/cloud/samples/brewery/acceptance/ServiceDiscoveryAcceptanceTests.java', 31);
INSERT INTO method (id, declaring_type, project_root, name, visibility,  return_type_name, source_path, line_number) VALUES (8, 'io.spring.cloud.samples.brewery.acceptance.SystemPropertyValidityTests', '/Users/jcano/IdeaProjects/brewery', 'will_fail_if_WHAT_TO_TEST_system_property_has_not_been_passed_or_is_invalid',  'PUBLIC', 'void', '/Users/jcano/IdeaProjects/brewery/acceptance-tests/src/test/groovy/io/spring/cloud/samples/brewery/acceptance/SystemPropertyValidityTests.java', 11);
INSERT INTO method (id, declaring_type, project_root, name, visibility,  return_type_name, source_path, line_number) VALUES (9, 'io.spring.cloud.samples.brewery.acceptance.common.SpanUtil', '/Users/jcano/IdeaProjects/brewery', 'generateReferenceProcessId',  'PUBLIC', 'String', '/Users/jcano/IdeaProjects/brewery/acceptance-tests/src/test/groovy/io/spring/cloud/samples/brewery/acceptance/common/SpanUtil.java', 11);
INSERT INTO method (id, declaring_type, project_root, name, visibility,  return_type_name, source_path, line_number) VALUES (10, 'io.spring.cloud.samples.brewery.acceptance.common.SpanUtil', '/Users/jcano/IdeaProjects/brewery', 'idToHex',  'PUBLIC', 'String', '/Users/jcano/IdeaProjects/brewery/acceptance-tests/src/test/groovy/io/spring/cloud/samples/brewery/acceptance/common/SpanUtil.java', 18);
INSERT INTO method_parameter (method_id, position, type_name) VALUES (10, 0, 'long');
INSERT INTO method (id, declaring_type, project_root, name, visibility,  return_type_name, source_path, line_number) VALUES (11, 'io.spring.cloud.samples.brewery.aggregating.IngredientWarehouse', '/Users/jcano/IdeaProjects/brewery', 'addIngredient',  'PUBLIC', 'void', '/Users/jcano/IdeaProjects/brewery/brewing/src/main/java/io/spring/cloud/samples/brewery/aggregating/IngredientWarehouse.java', 17);
INSERT INTO method_parameter (method_id, position, type_name) VALUES (11, 0, 'Ingredient');
INSERT INTO method (id, declaring_type, project_root, name, visibility,  return_type_name, source_path, line_number) VALUES (12, 'io.spring.cloud.samples.brewery.aggregating.IngredientWarehouse', '/Users/jcano/IdeaProjects/brewery', 'useIngredients',  'PUBLIC', 'void', '/Users/jcano/IdeaProjects/brewery/brewing/src/main/java/io/spring/cloud/samples/brewery/aggregating/IngredientWarehouse.java', 22);
INSERT INTO method_parameter (method_id, position, type_name) VALUES (12, 0, 'Integer');
INSERT INTO method (id, declaring_type, project_root, name, visibility,  return_type_name, source_path, line_number) VALUES (13, 'io.spring.cloud.samples.brewery.aggregating.IngredientWarehouse', '/Users/jcano/IdeaProjects/brewery', 'getCurrentState',  'PUBLIC', 'Ingredients', '/Users/jcano/IdeaProjects/brewery/brewing/src/main/java/io/spring/cloud/samples/brewery/aggregating/IngredientWarehouse.java', 26);
INSERT INTO method (id, declaring_type, project_root, name, visibility,  return_type_name, source_path, line_number) VALUES (14, 'io.spring.cloud.samples.brewery.aggregating.IngredientsAggregator', '/Users/jcano/IdeaProjects/brewery', 'fetchIngredients',  'PUBLIC', 'Ingredients', '/Users/jcano/IdeaProjects/brewery/brewing/src/main/java/io/spring/cloud/samples/brewery/aggregating/IngredientsAggregator.java', 38);
INSERT INTO method_parameter (method_id, position, type_name) VALUES (14, 0, 'Order');
INSERT INTO method_parameter (method_id, position, type_name) VALUES (14, 1, 'String');
INSERT INTO method (id, declaring_type, project_root, name, visibility,  return_type_name, source_path, line_number) VALUES (15, 'io.spring.cloud.samples.brewery.aggregating.IngredientsController', '/Users/jcano/IdeaProjects/brewery', 'distributeIngredients',  'PUBLIC', 'Callable', '/Users/jcano/IdeaProjects/brewery/brewing/src/main/java/io/spring/cloud/samples/brewery/aggregating/IngredientsController.java', 32);
INSERT INTO method_parameter (method_id, position, type_name) VALUES (15, 0, 'Order');
INSERT INTO method_parameter (method_id, position, type_name) VALUES (15, 1, 'String');
INSERT INTO method (id, declaring_type, project_root, name, visibility,  return_type_name, source_path, line_number) VALUES (16, 'io.spring.cloud.samples.brewery.aggregating.IngredientsProperties', '/Users/jcano/IdeaProjects/brewery', 'getThreshold',  'PUBLIC', 'Integer', '/Users/jcano/IdeaProjects/brewery/brewing/src/main/java/io/spring/cloud/samples/brewery/aggregating/IngredientsProperties.java', 13);
INSERT INTO method (id, declaring_type, project_root, name, visibility,  return_type_name, source_path, line_number) VALUES (17, 'io.spring.cloud.samples.brewery.aggregating.IngredientsProperties', '/Users/jcano/IdeaProjects/brewery', 'setThreshold',  'PUBLIC', 'void', '/Users/jcano/IdeaProjects/brewery/brewing/src/main/java/io/spring/cloud/samples/brewery/aggregating/IngredientsProperties.java', 17);
INSERT INTO method_parameter (method_id, position, type_name) VALUES (17, 0, 'Integer');
INSERT INTO method (id, declaring_type, project_root, name, visibility,  return_type_name, source_path, line_number) VALUES (18, 'io.spring.cloud.samples.brewery.aggregating.IngredientsProperties', '/Users/jcano/IdeaProjects/brewery', 'equals',  'PUBLIC', 'boolean', '/Users/jcano/IdeaProjects/brewery/brewing/src/main/java/io/spring/cloud/samples/brewery/aggregating/IngredientsProperties.java', 21);
INSERT INTO method_parameter (method_id, position, type_name) VALUES (18, 0, 'Object');
INSERT INTO method (id, declaring_type, project_root, name, visibility,  return_type_name, source_path, line_number) VALUES (19, 'io.spring.cloud.samples.brewery.aggregating.IngredientsProperties', '/Users/jcano/IdeaProjects/brewery', 'hashCode',  'PUBLIC', 'int', '/Users/jcano/IdeaProjects/brewery/brewing/src/main/java/io/spring/cloud/samples/brewery/aggregating/IngredientsProperties.java', 36);
INSERT INTO method (id, declaring_type, project_root, name, visibility,  return_type_name, source_path, line_number) VALUES (20, 'io.spring.cloud.samples.brewery.aggregating.IngredientsProperties', '/Users/jcano/IdeaProjects/brewery', 'toString',  'PUBLIC', 'String', '/Users/jcano/IdeaProjects/brewery/brewing/src/main/java/io/spring/cloud/samples/brewery/aggregating/IngredientsProperties.java', 44);
INSERT INTO method (id, declaring_type, project_root, name, visibility,  return_type_name, source_path, line_number) VALUES (21, 'io.spring.cloud.samples.brewery.aggregating.IngredientsProperties', '/Users/jcano/IdeaProjects/brewery', 'canEqual',  'PROTECTED', 'boolean', '/Users/jcano/IdeaProjects/brewery/brewing/src/main/java/io/spring/cloud/samples/brewery/aggregating/IngredientsProperties.java', 32);
INSERT INTO method_parameter (method_id, position, type_name) VALUES (21, 0, 'Object');
INSERT INTO method (id, declaring_type, project_root, name, visibility,  return_type_name, source_path, line_number) VALUES (22, 'io.spring.cloud.samples.brewery.aggregating.IngredientsProxy', '/Users/jcano/IdeaProjects/brewery', 'ingredients',  'PUBLIC', 'Ingredient', '/Users/jcano/IdeaProjects/brewery/brewing/src/main/java/io/spring/cloud/samples/brewery/aggregating/IngredientsProxy.java', 14);
INSERT INTO method_parameter (method_id, position, type_name) VALUES (22, 0, 'IngredientType');
INSERT INTO method_parameter (method_id, position, type_name) VALUES (22, 1, 'String');
INSERT INTO method_parameter (method_id, position, type_name) VALUES (22, 2, 'String');
INSERT INTO method (id, declaring_type, project_root, name, visibility,  return_type_name, source_path, line_number) VALUES (23, 'io.spring.cloud.samples.brewery.aggregating.IngredientsProxy', '/Users/jcano/IdeaProjects/brewery', 'nonExistentIngredients',  'PUBLIC', 'Ingredient', '/Users/jcano/IdeaProjects/brewery/brewing/src/main/java/io/spring/cloud/samples/brewery/aggregating/IngredientsProxy.java', 19);
INSERT INTO method_parameter (method_id, position, type_name) VALUES (23, 0, 'String');
INSERT INTO method_parameter (method_id, position, type_name) VALUES (23, 1, 'String');
INSERT INTO method (id, declaring_type, project_root, name, visibility,  return_type_name, source_path, line_number) VALUES (24, 'io.spring.cloud.samples.brewery.aggregating.MaturingServiceUpdater', '/Users/jcano/IdeaProjects/brewery', 'updateIfLimitReached',  'PUBLIC', 'Ingredients', '/Users/jcano/IdeaProjects/brewery/brewing/src/main/java/io/spring/cloud/samples/brewery/aggregating/MaturingServiceUpdater.java', 28);
INSERT INTO method_parameter (method_id, position, type_name) VALUES (24, 0, 'Ingredients');
INSERT INTO method_parameter (method_id, position, type_name) VALUES (24, 1, 'String');
INSERT INTO method (id, declaring_type, project_root, name, visibility,  return_type_name, source_path, line_number) VALUES (25, 'io.spring.cloud.samples.brewery.bottling.Bottler', '/Users/jcano/IdeaProjects/brewery', 'bottle',  'PUBLIC', 'void', '/Users/jcano/IdeaProjects/brewery/brewing/src/main/java/io/spring/cloud/samples/brewery/bottling/Bottler.java', 24);
INSERT INTO method_parameter (method_id, position, type_name) VALUES (25, 0, 'Wort');
INSERT INTO method_parameter (method_id, position, type_name) VALUES (25, 1, 'String');
INSERT INTO method_parameter (method_id, position, type_name) VALUES (25, 2, 'String');
INSERT INTO method (id, declaring_type, project_root, name, visibility,  return_type_name, source_path, line_number) VALUES (26, 'io.spring.cloud.samples.brewery.bottling.BottlingWorker', '/Users/jcano/IdeaProjects/brewery', 'bottleBeer',  'PUBLIC', 'void', '/Users/jcano/IdeaProjects/brewery/brewing/src/main/java/io/spring/cloud/samples/brewery/bottling/BottlingWorker.java', 45);
INSERT INTO method_parameter (method_id, position, type_name) VALUES (26, 0, 'Integer');
INSERT INTO method_parameter (method_id, position, type_name) VALUES (26, 1, 'String');
INSERT INTO method (id, declaring_type, project_root, name, visibility,  return_type_name, source_path, line_number) VALUES (27, 'io.spring.cloud.samples.brewery.bottling.PresentingClient', '/Users/jcano/IdeaProjects/brewery', 'updateBottles',  'PUBLIC', 'String', '/Users/jcano/IdeaProjects/brewery/brewing/src/main/java/io/spring/cloud/samples/brewery/bottling/PresentingClient.java', 13);
INSERT INTO method_parameter (method_id, position, type_name) VALUES (27, 0, 'int');
INSERT INTO method_parameter (method_id, position, type_name) VALUES (27, 1, 'String');
INSERT INTO method_parameter (method_id, position, type_name) VALUES (27, 2, 'String');
INSERT INTO method (id, declaring_type, project_root, name, visibility,  return_type_name, source_path, line_number) VALUES (28, 'io.spring.cloud.samples.brewery.bottling.PresentingClient', '/Users/jcano/IdeaProjects/brewery', 'bottlingFeed',  'PUBLIC', 'void', '/Users/jcano/IdeaProjects/brewery/brewing/src/main/java/io/spring/cloud/samples/brewery/bottling/PresentingClient.java', 22);
INSERT INTO method_parameter (method_id, position, type_name) VALUES (28, 0, 'String');
INSERT INTO method_parameter (method_id, position, type_name) VALUES (28, 1, 'String');
INSERT INTO method (id, declaring_type, project_root, name, visibility,  return_type_name, source_path, line_number) VALUES (29, 'io.spring.cloud.samples.brewery.common.BottlingService', '/Users/jcano/IdeaProjects/brewery', 'bottle',  'PUBLIC', 'void', '/Users/jcano/IdeaProjects/brewery/brewing/src/main/java/io/spring/cloud/samples/brewery/common/BottlingService.java', 6);
INSERT INTO method_parameter (method_id, position, type_name) VALUES (29, 0, 'Wort');
INSERT INTO method_parameter (method_id, position, type_name) VALUES (29, 1, 'String');
INSERT INTO method_parameter (method_id, position, type_name) VALUES (29, 2, 'String');
INSERT INTO method (id, declaring_type, project_root, name, visibility,  return_type_name, source_path, line_number) VALUES (30, 'io.spring.cloud.samples.brewery.common.MaturingService', '/Users/jcano/IdeaProjects/brewery', 'distributeIngredients',  'PUBLIC', 'void', '/Users/jcano/IdeaProjects/brewery/brewing/src/main/java/io/spring/cloud/samples/brewery/common/MaturingService.java', 6);
INSERT INTO method_parameter (method_id, position, type_name) VALUES (30, 0, 'Ingredients');
INSERT INTO method_parameter (method_id, position, type_name) VALUES (30, 1, 'String');
INSERT INTO method_parameter (method_id, position, type_name) VALUES (30, 2, 'String');
INSERT INTO method (id, declaring_type, project_root, name, visibility,  return_type_name, source_path, line_number) VALUES (31, 'io.spring.cloud.samples.brewery.common.TestCommunication', '/Users/jcano/IdeaProjects/brewery', 'fromBaggage',  'PUBLIC', 'String', '/Users/jcano/IdeaProjects/brewery/common/src/main/java/io/spring/cloud/samples/brewery/common/TestCommunication.java', 9);
INSERT INTO method_parameter (method_id, position, type_name) VALUES (31, 0, 'BaggageManager');
INSERT INTO method (id, declaring_type, project_root, name, visibility,  return_type_name, source_path, line_number) VALUES (32, 'io.spring.cloud.samples.brewery.common.TestRequestEntityBuilder', '/Users/jcano/IdeaProjects/brewery', 'requestEntity',  'PUBLIC', 'TestRequestEntityBuilder', '/Users/jcano/IdeaProjects/brewery/common/src/main/java/io/spring/cloud/samples/brewery/common/TestRequestEntityBuilder.java', 20);
INSERT INTO method (id, declaring_type, project_root, name, visibility,  return_type_name, source_path, line_number) VALUES (33, 'io.spring.cloud.samples.brewery.common.TestRequestEntityBuilder', '/Users/jcano/IdeaProjects/brewery', 'processId',  'PUBLIC', 'TestRequestEntityBuilder', '/Users/jcano/IdeaProjects/brewery/common/src/main/java/io/spring/cloud/samples/brewery/common/TestRequestEntityBuilder.java', 24);
INSERT INTO method_parameter (method_id, position, type_name) VALUES (33, 0, 'String');
INSERT INTO method (id, declaring_type, project_root, name, visibility,  return_type_name, source_path, line_number) VALUES (34, 'io.spring.cloud.samples.brewery.common.TestRequestEntityBuilder', '/Users/jcano/IdeaProjects/brewery', 'serviceName',  'PUBLIC', 'TestRequestEntityBuilder', '/Users/jcano/IdeaProjects/brewery/common/src/main/java/io/spring/cloud/samples/brewery/common/TestRequestEntityBuilder.java', 29);
INSERT INTO method_parameter (method_id, position, type_name) VALUES (34, 0, 'String');
INSERT INTO method (id, declaring_type, project_root, name, visibility,  return_type_name, source_path, line_number) VALUES (35, 'io.spring.cloud.samples.brewery.common.TestRequestEntityBuilder', '/Users/jcano/IdeaProjects/brewery', 'url',  'PUBLIC', 'TestRequestEntityBuilder', '/Users/jcano/IdeaProjects/brewery/common/src/main/java/io/spring/cloud/samples/brewery/common/TestRequestEntityBuilder.java', 34);
INSERT INTO method_parameter (method_id, position, type_name) VALUES (35, 0, 'String');
INSERT INTO method (id, declaring_type, project_root, name, visibility,  return_type_name, source_path, line_number) VALUES (36, 'io.spring.cloud.samples.brewery.common.TestRequestEntityBuilder', '/Users/jcano/IdeaProjects/brewery', 'contentTypeVersion',  'PUBLIC', 'TestRequestEntityBuilder', '/Users/jcano/IdeaProjects/brewery/common/src/main/java/io/spring/cloud/samples/brewery/common/TestRequestEntityBuilder.java', 39);
INSERT INTO method_parameter (method_id, position, type_name) VALUES (36, 0, 'String');
INSERT INTO method (id, declaring_type, project_root, name, visibility,  return_type_name, source_path, line_number) VALUES (37, 'io.spring.cloud.samples.brewery.common.TestRequestEntityBuilder', '/Users/jcano/IdeaProjects/brewery', 'httpMethod',  'PUBLIC', 'TestRequestEntityBuilder', '/Users/jcano/IdeaProjects/brewery/common/src/main/java/io/spring/cloud/samples/brewery/common/TestRequestEntityBuilder.java', 44);
INSERT INTO method_parameter (method_id, position, type_name) VALUES (37, 0, 'HttpMethod');
INSERT INTO method (id, declaring_type, project_root, name, visibility,  return_type_name, source_path, line_number) VALUES (38, 'io.spring.cloud.samples.brewery.common.TestRequestEntityBuilder', '/Users/jcano/IdeaProjects/brewery', 'body',  'PUBLIC', 'TestRequestEntityBuilder', '/Users/jcano/IdeaProjects/brewery/common/src/main/java/io/spring/cloud/samples/brewery/common/TestRequestEntityBuilder.java', 49);
INSERT INTO method_parameter (method_id, position, type_name) VALUES (38, 0, 'Object');
INSERT INTO method (id, declaring_type, project_root, name, visibility,  return_type_name, source_path, line_number) VALUES (39, 'io.spring.cloud.samples.brewery.common.TestRequestEntityBuilder', '/Users/jcano/IdeaProjects/brewery', 'build',  'PUBLIC', 'RequestEntity', '/Users/jcano/IdeaProjects/brewery/common/src/main/java/io/spring/cloud/samples/brewery/common/TestRequestEntityBuilder.java', 54);
INSERT INTO method (id, declaring_type, project_root, name, visibility,  return_type_name, source_path, line_number) VALUES (40, 'io.spring.cloud.samples.brewery.common.events.Event', '/Users/jcano/IdeaProjects/brewery', 'builder',  'PUBLIC', 'EventBuilder', '/Users/jcano/IdeaProjects/brewery/common/src/main/java/io/spring/cloud/samples/brewery/common/events/Event.java', 19);
INSERT INTO method (id, declaring_type, project_root, name, visibility,  return_type_name, source_path, line_number) VALUES (41, 'io.spring.cloud.samples.brewery.common.events.Event', '/Users/jcano/IdeaProjects/brewery', 'getProcessId',  'PUBLIC', 'String', '/Users/jcano/IdeaProjects/brewery/common/src/main/java/io/spring/cloud/samples/brewery/common/events/Event.java', 23);
INSERT INTO method (id, declaring_type, project_root, name, visibility,  return_type_name, source_path, line_number) VALUES (42, 'io.spring.cloud.samples.brewery.common.events.Event', '/Users/jcano/IdeaProjects/brewery', 'getEventType',  'PUBLIC', 'EventType', '/Users/jcano/IdeaProjects/brewery/common/src/main/java/io/spring/cloud/samples/brewery/common/events/Event.java', 27);
INSERT INTO method (id, declaring_type, project_root, name, visibility,  return_type_name, source_path, line_number) VALUES (43, 'io.spring.cloud.samples.brewery.common.events.Event', '/Users/jcano/IdeaProjects/brewery', 'getEventTime',  'PUBLIC', 'LocalDateTime', '/Users/jcano/IdeaProjects/brewery/common/src/main/java/io/spring/cloud/samples/brewery/common/events/Event.java', 31);
INSERT INTO method (id, declaring_type, project_root, name, visibility,  return_type_name, source_path, line_number) VALUES (44, 'io.spring.cloud.samples.brewery.common.events.Event', '/Users/jcano/IdeaProjects/brewery', 'setProcessId',  'PUBLIC', 'void', '/Users/jcano/IdeaProjects/brewery/common/src/main/java/io/spring/cloud/samples/brewery/common/events/Event.java', 35);
INSERT INTO method_parameter (method_id, position, type_name) VALUES (44, 0, 'String');
INSERT INTO method (id, declaring_type, project_root, name, visibility,  return_type_name, source_path, line_number) VALUES (45, 'io.spring.cloud.samples.brewery.common.events.Event', '/Users/jcano/IdeaProjects/brewery', 'setEventType',  'PUBLIC', 'void', '/Users/jcano/IdeaProjects/brewery/common/src/main/java/io/spring/cloud/samples/brewery/common/events/Event.java', 39);
INSERT INTO method_parameter (method_id, position, type_name) VALUES (45, 0, 'EventType');
INSERT INTO method (id, declaring_type, project_root, name, visibility,  return_type_name, source_path, line_number) VALUES (46, 'io.spring.cloud.samples.brewery.common.events.Event', '/Users/jcano/IdeaProjects/brewery', 'setEventTime',  'PUBLIC', 'void', '/Users/jcano/IdeaProjects/brewery/common/src/main/java/io/spring/cloud/samples/brewery/common/events/Event.java', 43);
INSERT INTO method_parameter (method_id, position, type_name) VALUES (46, 0, 'LocalDateTime');
INSERT INTO method (id, declaring_type, project_root, name, visibility,  return_type_name, source_path, line_number) VALUES (47, 'io.spring.cloud.samples.brewery.common.events.Event', '/Users/jcano/IdeaProjects/brewery', 'equals',  'PUBLIC', 'boolean', '/Users/jcano/IdeaProjects/brewery/common/src/main/java/io/spring/cloud/samples/brewery/common/events/Event.java', 47);
INSERT INTO method_parameter (method_id, position, type_name) VALUES (47, 0, 'Object');
INSERT INTO method (id, declaring_type, project_root, name, visibility,  return_type_name, source_path, line_number) VALUES (48, 'io.spring.cloud.samples.brewery.common.events.Event', '/Users/jcano/IdeaProjects/brewery', 'hashCode',  'PUBLIC', 'int', '/Users/jcano/IdeaProjects/brewery/common/src/main/java/io/spring/cloud/samples/brewery/common/events/Event.java', 68);
INSERT INTO method (id, declaring_type, project_root, name, visibility,  return_type_name, source_path, line_number) VALUES (49, 'io.spring.cloud.samples.brewery.common.events.Event', '/Users/jcano/IdeaProjects/brewery', 'toString',  'PUBLIC', 'String', '/Users/jcano/IdeaProjects/brewery/common/src/main/java/io/spring/cloud/samples/brewery/common/events/Event.java', 80);
INSERT INTO method (id, declaring_type, project_root, name, visibility,  return_type_name, source_path, line_number) VALUES (50, 'io.spring.cloud.samples.brewery.common.events.Event', '/Users/jcano/IdeaProjects/brewery', 'canEqual',  'PROTECTED', 'boolean', '/Users/jcano/IdeaProjects/brewery/common/src/main/java/io/spring/cloud/samples/brewery/common/events/Event.java', 64);
INSERT INTO method_parameter (method_id, position, type_name) VALUES (50, 0, 'Object');
INSERT INTO method (id, declaring_type, project_root, name, visibility,  return_type_name, source_path, line_number) VALUES (51, 'io.spring.cloud.samples.brewery.common.events.EventGateway', '/Users/jcano/IdeaProjects/brewery', 'emitEvent',  'PUBLIC', 'void', '/Users/jcano/IdeaProjects/brewery/common/src/main/java/io/spring/cloud/samples/brewery/common/events/EventGateway.java', 21);
INSERT INTO method_parameter (method_id, position, type_name) VALUES (51, 0, 'Event');
INSERT INTO method (id, declaring_type, project_root, name, visibility,  return_type_name, source_path, line_number) VALUES (52, 'io.spring.cloud.samples.brewery.common.model.Ingredient', '/Users/jcano/IdeaProjects/brewery', 'getType',  'PUBLIC', 'IngredientType', '/Users/jcano/IdeaProjects/brewery/common/src/main/java/io/spring/cloud/samples/brewery/common/model/Ingredient.java', 15);
INSERT INTO method (id, declaring_type, project_root, name, visibility,  return_type_name, source_path, line_number) VALUES (53, 'io.spring.cloud.samples.brewery.common.model.Ingredient', '/Users/jcano/IdeaProjects/brewery', 'getQuantity',  'PUBLIC', 'Integer', '/Users/jcano/IdeaProjects/brewery/common/src/main/java/io/spring/cloud/samples/brewery/common/model/Ingredient.java', 19);
INSERT INTO method (id, declaring_type, project_root, name, visibility,  return_type_name, source_path, line_number) VALUES (54, 'io.spring.cloud.samples.brewery.common.model.Ingredient', '/Users/jcano/IdeaProjects/brewery', 'setType',  'PUBLIC', 'void', '/Users/jcano/IdeaProjects/brewery/common/src/main/java/io/spring/cloud/samples/brewery/common/model/Ingredient.java', 23);
INSERT INTO method_parameter (method_id, position, type_name) VALUES (54, 0, 'IngredientType');
INSERT INTO method (id, declaring_type, project_root, name, visibility,  return_type_name, source_path, line_number) VALUES (55, 'io.spring.cloud.samples.brewery.common.model.Ingredient', '/Users/jcano/IdeaProjects/brewery', 'setQuantity',  'PUBLIC', 'void', '/Users/jcano/IdeaProjects/brewery/common/src/main/java/io/spring/cloud/samples/brewery/common/model/Ingredient.java', 27);
INSERT INTO method_parameter (method_id, position, type_name) VALUES (55, 0, 'Integer');
INSERT INTO method (id, declaring_type, project_root, name, visibility,  return_type_name, source_path, line_number) VALUES (56, 'io.spring.cloud.samples.brewery.common.model.Ingredient', '/Users/jcano/IdeaProjects/brewery', 'equals',  'PUBLIC', 'boolean', '/Users/jcano/IdeaProjects/brewery/common/src/main/java/io/spring/cloud/samples/brewery/common/model/Ingredient.java', 31);
INSERT INTO method_parameter (method_id, position, type_name) VALUES (56, 0, 'Object');
INSERT INTO method (id, declaring_type, project_root, name, visibility,  return_type_name, source_path, line_number) VALUES (57, 'io.spring.cloud.samples.brewery.common.model.Ingredient', '/Users/jcano/IdeaProjects/brewery', 'hashCode',  'PUBLIC', 'int', '/Users/jcano/IdeaProjects/brewery/common/src/main/java/io/spring/cloud/samples/brewery/common/model/Ingredient.java', 49);
INSERT INTO method (id, declaring_type, project_root, name, visibility,  return_type_name, source_path, line_number) VALUES (58, 'io.spring.cloud.samples.brewery.common.model.Ingredient', '/Users/jcano/IdeaProjects/brewery', 'toString',  'PUBLIC', 'String', '/Users/jcano/IdeaProjects/brewery/common/src/main/java/io/spring/cloud/samples/brewery/common/model/Ingredient.java', 59);
INSERT INTO method (id, declaring_type, project_root, name, visibility,  return_type_name, source_path, line_number) VALUES (59, 'io.spring.cloud.samples.brewery.common.model.Ingredient', '/Users/jcano/IdeaProjects/brewery', 'canEqual',  'PROTECTED', 'boolean', '/Users/jcano/IdeaProjects/brewery/common/src/main/java/io/spring/cloud/samples/brewery/common/model/Ingredient.java', 45);
INSERT INTO method_parameter (method_id, position, type_name) VALUES (59, 0, 'Object');
INSERT INTO method (id, declaring_type, project_root, name, visibility,  return_type_name, source_path, line_number) VALUES (60, 'io.spring.cloud.samples.brewery.common.model.Ingredients', '/Users/jcano/IdeaProjects/brewery', 'toString',  'PUBLIC', 'String', '/Users/jcano/IdeaProjects/brewery/common/src/main/java/io/spring/cloud/samples/brewery/common/model/Ingredients.java', 18);
INSERT INTO method (id, declaring_type, project_root, name, visibility,  return_type_name, source_path, line_number) VALUES (61, 'io.spring.cloud.samples.brewery.common.model.Order', '/Users/jcano/IdeaProjects/brewery', 'getItems',  'PUBLIC', 'List', '/Users/jcano/IdeaProjects/brewery/common/src/main/java/io/spring/cloud/samples/brewery/common/model/Order.java', 12);
INSERT INTO method (id, declaring_type, project_root, name, visibility,  return_type_name, source_path, line_number) VALUES (62, 'io.spring.cloud.samples.brewery.common.model.Order', '/Users/jcano/IdeaProjects/brewery', 'setItems',  'PUBLIC', 'void', '/Users/jcano/IdeaProjects/brewery/common/src/main/java/io/spring/cloud/samples/brewery/common/model/Order.java', 16);
INSERT INTO method_parameter (method_id, position, type_name) VALUES (62, 0, 'List');
INSERT INTO method (id, declaring_type, project_root, name, visibility,  return_type_name, source_path, line_number) VALUES (63, 'io.spring.cloud.samples.brewery.common.model.Order', '/Users/jcano/IdeaProjects/brewery', 'equals',  'PUBLIC', 'boolean', '/Users/jcano/IdeaProjects/brewery/common/src/main/java/io/spring/cloud/samples/brewery/common/model/Order.java', 20);
INSERT INTO method_parameter (method_id, position, type_name) VALUES (63, 0, 'Object');
INSERT INTO method (id, declaring_type, project_root, name, visibility,  return_type_name, source_path, line_number) VALUES (64, 'io.spring.cloud.samples.brewery.common.model.Order', '/Users/jcano/IdeaProjects/brewery', 'hashCode',  'PUBLIC', 'int', '/Users/jcano/IdeaProjects/brewery/common/src/main/java/io/spring/cloud/samples/brewery/common/model/Order.java', 35);
INSERT INTO method (id, declaring_type, project_root, name, visibility,  return_type_name, source_path, line_number) VALUES (65, 'io.spring.cloud.samples.brewery.common.model.Order', '/Users/jcano/IdeaProjects/brewery', 'toString',  'PUBLIC', 'String', '/Users/jcano/IdeaProjects/brewery/common/src/main/java/io/spring/cloud/samples/brewery/common/model/Order.java', 43);
INSERT INTO method (id, declaring_type, project_root, name, visibility,  return_type_name, source_path, line_number) VALUES (66, 'io.spring.cloud.samples.brewery.common.model.Order', '/Users/jcano/IdeaProjects/brewery', 'canEqual',  'PROTECTED', 'boolean', '/Users/jcano/IdeaProjects/brewery/common/src/main/java/io/spring/cloud/samples/brewery/common/model/Order.java', 31);
INSERT INTO method_parameter (method_id, position, type_name) VALUES (66, 0, 'Object');
INSERT INTO method (id, declaring_type, project_root, name, visibility,  return_type_name, source_path, line_number) VALUES (67, 'io.spring.cloud.samples.brewery.common.model.Wort', '/Users/jcano/IdeaProjects/brewery', 'getWort',  'PUBLIC', 'int', '/Users/jcano/IdeaProjects/brewery/common/src/main/java/io/spring/cloud/samples/brewery/common/model/Wort.java', 10);
INSERT INTO method (id, declaring_type, project_root, name, visibility,  return_type_name, source_path, line_number) VALUES (68, 'io.spring.cloud.samples.brewery.common.model.Wort', '/Users/jcano/IdeaProjects/brewery', 'setWort',  'PUBLIC', 'void', '/Users/jcano/IdeaProjects/brewery/common/src/main/java/io/spring/cloud/samples/brewery/common/model/Wort.java', 14);
INSERT INTO method_parameter (method_id, position, type_name) VALUES (68, 0, 'int');
INSERT INTO method (id, declaring_type, project_root, name, visibility,  return_type_name, source_path, line_number) VALUES (69, 'io.spring.cloud.samples.brewery.common.model.Wort', '/Users/jcano/IdeaProjects/brewery', 'equals',  'PUBLIC', 'boolean', '/Users/jcano/IdeaProjects/brewery/common/src/main/java/io/spring/cloud/samples/brewery/common/model/Wort.java', 18);
INSERT INTO method_parameter (method_id, position, type_name) VALUES (69, 0, 'Object');
INSERT INTO method (id, declaring_type, project_root, name, visibility,  return_type_name, source_path, line_number) VALUES (70, 'io.spring.cloud.samples.brewery.common.model.Wort', '/Users/jcano/IdeaProjects/brewery', 'hashCode',  'PUBLIC', 'int', '/Users/jcano/IdeaProjects/brewery/common/src/main/java/io/spring/cloud/samples/brewery/common/model/Wort.java', 31);
INSERT INTO method (id, declaring_type, project_root, name, visibility,  return_type_name, source_path, line_number) VALUES (71, 'io.spring.cloud.samples.brewery.common.model.Wort', '/Users/jcano/IdeaProjects/brewery', 'toString',  'PUBLIC', 'String', '/Users/jcano/IdeaProjects/brewery/common/src/main/java/io/spring/cloud/samples/brewery/common/model/Wort.java', 38);
INSERT INTO method (id, declaring_type, project_root, name, visibility,  return_type_name, source_path, line_number) VALUES (72, 'io.spring.cloud.samples.brewery.common.model.Wort', '/Users/jcano/IdeaProjects/brewery', 'canEqual',  'PROTECTED', 'boolean', '/Users/jcano/IdeaProjects/brewery/common/src/main/java/io/spring/cloud/samples/brewery/common/model/Wort.java', 27);
INSERT INTO method_parameter (method_id, position, type_name) VALUES (72, 0, 'Object');
INSERT INTO method (id, declaring_type, project_root, name, visibility,  return_type_name, source_path, line_number) VALUES (73, 'io.spring.cloud.samples.brewery.configserver.ConfigServerApplication', '/Users/jcano/IdeaProjects/brewery', 'main',  'PUBLIC', 'void', '/Users/jcano/IdeaProjects/brewery/config-server/src/main/java/io/spring/cloud/samples/brewery/configserver/ConfigServerApplication.java', 10);
INSERT INTO method_parameter (method_id, position, type_name) VALUES (73, 0, 'String[]');
INSERT INTO method (id, declaring_type, project_root, name, visibility,  return_type_name, source_path, line_number) VALUES (74, 'io.spring.cloud.samples.brewery.eureka.EurekaApplication', '/Users/jcano/IdeaProjects/brewery', 'main',  'PUBLIC', 'void', '/Users/jcano/IdeaProjects/brewery/eureka/src/main/java/io/spring/cloud/samples/brewery/eureka/EurekaApplication.java', 12);
INSERT INTO method_parameter (method_id, position, type_name) VALUES (74, 0, 'String[]');
INSERT INTO method (id, declaring_type, project_root, name, visibility,  return_type_name, source_path, line_number) VALUES (75, 'io.spring.cloud.samples.brewery.gateway.GatewayApplication', '/Users/jcano/IdeaProjects/brewery', 'main',  'PUBLIC', 'void', '/Users/jcano/IdeaProjects/brewery/gateway/src/main/java/io/spring/cloud/samples/brewery/gateway/GatewayApplication.java', 15);
INSERT INTO method_parameter (method_id, position, type_name) VALUES (75, 0, 'String[]');
INSERT INTO method (id, declaring_type, project_root, name, visibility,  return_type_name, source_path, line_number) VALUES (76, 'io.spring.cloud.samples.brewery.ingredients.IngredientsApplication', '/Users/jcano/IdeaProjects/brewery', 'main',  'PUBLIC', 'void', '/Users/jcano/IdeaProjects/brewery/ingredients/src/main/java/io/spring/cloud/samples/brewery/ingredients/IngredientsApplication.java', 12);
INSERT INTO method_parameter (method_id, position, type_name) VALUES (76, 0, 'String[]');
INSERT INTO method (id, declaring_type, project_root, name, visibility,  return_type_name, source_path, line_number) VALUES (77, 'io.spring.cloud.samples.brewery.ingredients.IngredientsFeignController', '/Users/jcano/IdeaProjects/brewery', 'ingredients',  'PUBLIC', 'Ingredient', '/Users/jcano/IdeaProjects/brewery/ingredients/src/main/java/io/spring/cloud/samples/brewery/ingredients/IngredientsFeignController.java', 25);
INSERT INTO method_parameter (method_id, position, type_name) VALUES (77, 0, 'IngredientType');
INSERT INTO method_parameter (method_id, position, type_name) VALUES (77, 1, 'String');
INSERT INTO method_parameter (method_id, position, type_name) VALUES (77, 2, 'String');
INSERT INTO method (id, declaring_type, project_root, name, visibility,  return_type_name, source_path, line_number) VALUES (78, 'io.spring.cloud.samples.brewery.ingredients.IngredientsFeignController', '/Users/jcano/IdeaProjects/brewery', 'nonExistentIngredients',  'PUBLIC', 'Ingredient', '/Users/jcano/IdeaProjects/brewery/ingredients/src/main/java/io/spring/cloud/samples/brewery/ingredients/IngredientsFeignController.java', 35);
INSERT INTO method_parameter (method_id, position, type_name) VALUES (78, 0, 'String');
INSERT INTO method_parameter (method_id, position, type_name) VALUES (78, 1, 'String');
INSERT INTO method (id, declaring_type, project_root, name, visibility,  return_type_name, source_path, line_number) VALUES (79, 'io.spring.cloud.samples.brewery.ingredients.IngredientsFetchController', '/Users/jcano/IdeaProjects/brewery', 'ingredients',  'PUBLIC', 'Mono', '/Users/jcano/IdeaProjects/brewery/ingredients/src/main/java/io/spring/cloud/samples/brewery/ingredients/IngredientsFetchController.java', 26);
INSERT INTO method_parameter (method_id, position, type_name) VALUES (79, 0, 'IngredientType');
INSERT INTO method_parameter (method_id, position, type_name) VALUES (79, 1, 'String');
INSERT INTO method_parameter (method_id, position, type_name) VALUES (79, 2, 'String');
INSERT INTO method (id, declaring_type, project_root, name, visibility,  return_type_name, source_path, line_number) VALUES (80, 'io.spring.cloud.samples.brewery.ingredients.StubbedIngredientsProperties', '/Users/jcano/IdeaProjects/brewery', 'getReturnedIngredientsQuantity',  'PUBLIC', 'Integer', '/Users/jcano/IdeaProjects/brewery/ingredients/src/main/java/io/spring/cloud/samples/brewery/ingredients/StubbedIngredientsProperties.java', 19);
INSERT INTO method (id, declaring_type, project_root, name, visibility,  return_type_name, source_path, line_number) VALUES (81, 'io.spring.cloud.samples.brewery.ingredients.StubbedIngredientsProperties', '/Users/jcano/IdeaProjects/brewery', 'setReturnedIngredientsQuantity',  'PUBLIC', 'void', '/Users/jcano/IdeaProjects/brewery/ingredients/src/main/java/io/spring/cloud/samples/brewery/ingredients/StubbedIngredientsProperties.java', 23);
INSERT INTO method_parameter (method_id, position, type_name) VALUES (81, 0, 'Integer');
INSERT INTO method (id, declaring_type, project_root, name, visibility,  return_type_name, source_path, line_number) VALUES (82, 'io.spring.cloud.samples.brewery.ingredients.StubbedIngredientsProperties', '/Users/jcano/IdeaProjects/brewery', 'equals',  'PUBLIC', 'boolean', '/Users/jcano/IdeaProjects/brewery/ingredients/src/main/java/io/spring/cloud/samples/brewery/ingredients/StubbedIngredientsProperties.java', 27);
INSERT INTO method_parameter (method_id, position, type_name) VALUES (82, 0, 'Object');
INSERT INTO method (id, declaring_type, project_root, name, visibility,  return_type_name, source_path, line_number) VALUES (83, 'io.spring.cloud.samples.brewery.ingredients.StubbedIngredientsProperties', '/Users/jcano/IdeaProjects/brewery', 'hashCode',  'PUBLIC', 'int', '/Users/jcano/IdeaProjects/brewery/ingredients/src/main/java/io/spring/cloud/samples/brewery/ingredients/StubbedIngredientsProperties.java', 43);
INSERT INTO method (id, declaring_type, project_root, name, visibility,  return_type_name, source_path, line_number) VALUES (84, 'io.spring.cloud.samples.brewery.ingredients.StubbedIngredientsProperties', '/Users/jcano/IdeaProjects/brewery', 'toString',  'PUBLIC', 'String', '/Users/jcano/IdeaProjects/brewery/ingredients/src/main/java/io/spring/cloud/samples/brewery/ingredients/StubbedIngredientsProperties.java', 51);
INSERT INTO method (id, declaring_type, project_root, name, visibility,  return_type_name, source_path, line_number) VALUES (85, 'io.spring.cloud.samples.brewery.ingredients.StubbedIngredientsProperties', '/Users/jcano/IdeaProjects/brewery', 'canEqual',  'PROTECTED', 'boolean', '/Users/jcano/IdeaProjects/brewery/ingredients/src/main/java/io/spring/cloud/samples/brewery/ingredients/StubbedIngredientsProperties.java', 39);
INSERT INTO method_parameter (method_id, position, type_name) VALUES (85, 0, 'Object');
INSERT INTO method (id, declaring_type, project_root, name, visibility,  return_type_name, source_path, line_number) VALUES (86, 'io.spring.cloud.samples.brewery.maturing.BottlingServiceUpdater', '/Users/jcano/IdeaProjects/brewery', 'updateBottlingServiceAboutBrewedBeer',  'PUBLIC', 'void', '/Users/jcano/IdeaProjects/brewery/brewing/src/main/java/io/spring/cloud/samples/brewery/maturing/BottlingServiceUpdater.java', 52);
INSERT INTO method_parameter (method_id, position, type_name) VALUES (86, 0, 'Ingredients');
INSERT INTO method_parameter (method_id, position, type_name) VALUES (86, 1, 'String');
INSERT INTO method (id, declaring_type, project_root, name, visibility,  return_type_name, source_path, line_number) VALUES (87, 'io.spring.cloud.samples.brewery.maturing.BottlingServiceUpdater', '/Users/jcano/IdeaProjects/brewery', 'notifyBottlingService',  'PUBLIC', 'void', '/Users/jcano/IdeaProjects/brewery/brewing/src/main/java/io/spring/cloud/samples/brewery/maturing/BottlingServiceUpdater.java', 93);
INSERT INTO method_parameter (method_id, position, type_name) VALUES (87, 0, 'Ingredients');
INSERT INTO method_parameter (method_id, position, type_name) VALUES (87, 1, 'String');
INSERT INTO method (id, declaring_type, project_root, name, visibility,  return_type_name, source_path, line_number) VALUES (88, 'io.spring.cloud.samples.brewery.maturing.BrewProperties', '/Users/jcano/IdeaProjects/brewery', 'getTimeout',  'PUBLIC', 'Long', '/Users/jcano/IdeaProjects/brewery/brewing/src/main/java/io/spring/cloud/samples/brewery/maturing/BrewProperties.java', 13);
INSERT INTO method (id, declaring_type, project_root, name, visibility,  return_type_name, source_path, line_number) VALUES (89, 'io.spring.cloud.samples.brewery.maturing.BrewProperties', '/Users/jcano/IdeaProjects/brewery', 'setTimeout',  'PUBLIC', 'void', '/Users/jcano/IdeaProjects/brewery/brewing/src/main/java/io/spring/cloud/samples/brewery/maturing/BrewProperties.java', 17);
INSERT INTO method_parameter (method_id, position, type_name) VALUES (89, 0, 'Long');
INSERT INTO method (id, declaring_type, project_root, name, visibility,  return_type_name, source_path, line_number) VALUES (90, 'io.spring.cloud.samples.brewery.maturing.BrewProperties', '/Users/jcano/IdeaProjects/brewery', 'equals',  'PUBLIC', 'boolean', '/Users/jcano/IdeaProjects/brewery/brewing/src/main/java/io/spring/cloud/samples/brewery/maturing/BrewProperties.java', 21);
INSERT INTO method_parameter (method_id, position, type_name) VALUES (90, 0, 'Object');
INSERT INTO method (id, declaring_type, project_root, name, visibility,  return_type_name, source_path, line_number) VALUES (91, 'io.spring.cloud.samples.brewery.maturing.BrewProperties', '/Users/jcano/IdeaProjects/brewery', 'hashCode',  'PUBLIC', 'int', '/Users/jcano/IdeaProjects/brewery/brewing/src/main/java/io/spring/cloud/samples/brewery/maturing/BrewProperties.java', 36);
INSERT INTO method (id, declaring_type, project_root, name, visibility,  return_type_name, source_path, line_number) VALUES (92, 'io.spring.cloud.samples.brewery.maturing.BrewProperties', '/Users/jcano/IdeaProjects/brewery', 'toString',  'PUBLIC', 'String', '/Users/jcano/IdeaProjects/brewery/brewing/src/main/java/io/spring/cloud/samples/brewery/maturing/BrewProperties.java', 44);
INSERT INTO method (id, declaring_type, project_root, name, visibility,  return_type_name, source_path, line_number) VALUES (93, 'io.spring.cloud.samples.brewery.maturing.BrewProperties', '/Users/jcano/IdeaProjects/brewery', 'canEqual',  'PROTECTED', 'boolean', '/Users/jcano/IdeaProjects/brewery/brewing/src/main/java/io/spring/cloud/samples/brewery/maturing/BrewProperties.java', 32);
INSERT INTO method_parameter (method_id, position, type_name) VALUES (93, 0, 'Object');
INSERT INTO method (id, declaring_type, project_root, name, visibility,  return_type_name, source_path, line_number) VALUES (94, 'io.spring.cloud.samples.brewery.maturing.Maturer', '/Users/jcano/IdeaProjects/brewery', 'distributeIngredients',  'PUBLIC', 'void', '/Users/jcano/IdeaProjects/brewery/brewing/src/main/java/io/spring/cloud/samples/brewery/maturing/Maturer.java', 18);
INSERT INTO method_parameter (method_id, position, type_name) VALUES (94, 0, 'Ingredients');
INSERT INTO method_parameter (method_id, position, type_name) VALUES (94, 1, 'String');
INSERT INTO method_parameter (method_id, position, type_name) VALUES (94, 2, 'String');
INSERT INTO method (id, declaring_type, project_root, name, visibility,  return_type_name, source_path, line_number) VALUES (95, 'io.spring.cloud.samples.brewery.maturing.PresentingServiceClient', '/Users/jcano/IdeaProjects/brewery', 'maturingFeed',  'PUBLIC', 'String', '/Users/jcano/IdeaProjects/brewery/brewing/src/main/java/io/spring/cloud/samples/brewery/maturing/PresentingServiceClient.java', 12);
INSERT INTO method_parameter (method_id, position, type_name) VALUES (95, 0, 'String');
INSERT INTO method_parameter (method_id, position, type_name) VALUES (95, 1, 'String');
INSERT INTO method (id, declaring_type, project_root, name, visibility,  return_type_name, source_path, line_number) VALUES (96, 'io.spring.cloud.samples.brewery.presenting.PresentingApplication', '/Users/jcano/IdeaProjects/brewery', 'loadBalancedRestTemplate',  'PUBLIC', 'RestTemplate', '/Users/jcano/IdeaProjects/brewery/presenting/src/main/java/io/spring/cloud/samples/brewery/presenting/PresentingApplication.java', 20);
INSERT INTO method_parameter (method_id, position, type_name) VALUES (96, 0, 'RestTemplateBuilder');
INSERT INTO method (id, declaring_type, project_root, name, visibility,  return_type_name, source_path, line_number) VALUES (97, 'io.spring.cloud.samples.brewery.presenting.PresentingApplication', '/Users/jcano/IdeaProjects/brewery', 'main',  'PUBLIC', 'void', '/Users/jcano/IdeaProjects/brewery/presenting/src/main/java/io/spring/cloud/samples/brewery/presenting/PresentingApplication.java', 26);
INSERT INTO method_parameter (method_id, position, type_name) VALUES (97, 0, 'String[]');
INSERT INTO method (id, declaring_type, project_root, name, visibility,  return_type_name, source_path, line_number) VALUES (98, 'io.spring.cloud.samples.brewery.presenting.feed.FeedController', '/Users/jcano/IdeaProjects/brewery', 'maturing',  'PUBLIC', 'void', '/Users/jcano/IdeaProjects/brewery/presenting/src/main/java/io/spring/cloud/samples/brewery/presenting/feed/FeedController.java', 36);
INSERT INTO method_parameter (method_id, position, type_name) VALUES (98, 0, 'String');
INSERT INTO method (id, declaring_type, project_root, name, visibility,  return_type_name, source_path, line_number) VALUES (99, 'io.spring.cloud.samples.brewery.presenting.feed.FeedController', '/Users/jcano/IdeaProjects/brewery', 'bottling',  'PUBLIC', 'void', '/Users/jcano/IdeaProjects/brewery/presenting/src/main/java/io/spring/cloud/samples/brewery/presenting/feed/FeedController.java', 47);
INSERT INTO method_parameter (method_id, position, type_name) VALUES (99, 0, 'String');
INSERT INTO method (id, declaring_type, project_root, name, visibility,  return_type_name, source_path, line_number) VALUES (100, 'io.spring.cloud.samples.brewery.presenting.feed.FeedController', '/Users/jcano/IdeaProjects/brewery', 'bottles',  'PUBLIC', 'void', '/Users/jcano/IdeaProjects/brewery/presenting/src/main/java/io/spring/cloud/samples/brewery/presenting/feed/FeedController.java', 58);
INSERT INTO method_parameter (method_id, position, type_name) VALUES (100, 0, 'Integer');
INSERT INTO method_parameter (method_id, position, type_name) VALUES (100, 1, 'String');
INSERT INTO method (id, declaring_type, project_root, name, visibility,  return_type_name, source_path, line_number) VALUES (101, 'io.spring.cloud.samples.brewery.presenting.feed.FeedController', '/Users/jcano/IdeaProjects/brewery', 'process',  'PUBLIC', 'ResponseEntity', '/Users/jcano/IdeaProjects/brewery/presenting/src/main/java/io/spring/cloud/samples/brewery/presenting/feed/FeedController.java', 68);
INSERT INTO method_parameter (method_id, position, type_name) VALUES (101, 0, 'String');
INSERT INTO method (id, declaring_type, project_root, name, visibility,  return_type_name, source_path, line_number) VALUES (102, 'io.spring.cloud.samples.brewery.presenting.feed.FeedController', '/Users/jcano/IdeaProjects/brewery', 'allProcesses',  'PUBLIC', 'ResponseEntity>', '/Users/jcano/IdeaProjects/brewery/presenting/src/main/java/io/spring/cloud/samples/brewery/presenting/feed/FeedController.java', 76);
INSERT INTO method (id, declaring_type, project_root, name, visibility,  return_type_name, source_path, line_number) VALUES (103, 'io.spring.cloud.samples.brewery.presenting.feed.FeedController', '/Users/jcano/IdeaProjects/brewery', 'show',  'PUBLIC', 'String', '/Users/jcano/IdeaProjects/brewery/presenting/src/main/java/io/spring/cloud/samples/brewery/presenting/feed/FeedController.java', 84);
INSERT INTO method (id, declaring_type, project_root, name, visibility,  return_type_name, source_path, line_number) VALUES (104, 'io.spring.cloud.samples.brewery.presenting.feed.FeedRepository', '/Users/jcano/IdeaProjects/brewery', 'addModifyProcess',  'PUBLIC', 'void', '/Users/jcano/IdeaProjects/brewery/presenting/src/main/java/io/spring/cloud/samples/brewery/presenting/feed/FeedRepository.java', 24);
INSERT INTO method_parameter (method_id, position, type_name) VALUES (104, 0, 'String');
INSERT INTO method_parameter (method_id, position, type_name) VALUES (104, 1, 'ProcessState');
INSERT INTO method (id, declaring_type, project_root, name, visibility,  return_type_name, source_path, line_number) VALUES (105, 'io.spring.cloud.samples.brewery.presenting.feed.FeedRepository', '/Users/jcano/IdeaProjects/brewery', 'setBottles',  'PUBLIC', 'void', '/Users/jcano/IdeaProjects/brewery/presenting/src/main/java/io/spring/cloud/samples/brewery/presenting/feed/FeedRepository.java', 38);
INSERT INTO method_parameter (method_id, position, type_name) VALUES (105, 0, 'String');
INSERT INTO method_parameter (method_id, position, type_name) VALUES (105, 1, 'Integer');
INSERT INTO method (id, declaring_type, project_root, name, visibility,  return_type_name, source_path, line_number) VALUES (106, 'io.spring.cloud.samples.brewery.presenting.feed.FeedRepository', '/Users/jcano/IdeaProjects/brewery', 'showStatuses',  'PUBLIC', 'String', '/Users/jcano/IdeaProjects/brewery/presenting/src/main/java/io/spring/cloud/samples/brewery/presenting/feed/FeedRepository.java', 43);
INSERT INTO method (id, declaring_type, project_root, name, visibility,  return_type_name, source_path, line_number) VALUES (107, 'io.spring.cloud.samples.brewery.presenting.feed.FeedRepository', '/Users/jcano/IdeaProjects/brewery', 'countFor',  'PUBLIC', 'Long', '/Users/jcano/IdeaProjects/brewery/presenting/src/main/java/io/spring/cloud/samples/brewery/presenting/feed/FeedRepository.java', 48);
INSERT INTO method_parameter (method_id, position, type_name) VALUES (107, 0, 'ProcessState');
INSERT INTO method (id, declaring_type, project_root, name, visibility,  return_type_name, source_path, line_number) VALUES (108, 'io.spring.cloud.samples.brewery.presenting.feed.FeedRepository', '/Users/jcano/IdeaProjects/brewery', 'getProcessStateForId',  'PUBLIC', 'ResponseEntity', '/Users/jcano/IdeaProjects/brewery/presenting/src/main/java/io/spring/cloud/samples/brewery/presenting/feed/FeedRepository.java', 54);
INSERT INTO method_parameter (method_id, position, type_name) VALUES (108, 0, 'String');
INSERT INTO method (id, declaring_type, project_root, name, visibility,  return_type_name, source_path, line_number) VALUES (109, 'io.spring.cloud.samples.brewery.presenting.feed.FeedRepository', '/Users/jcano/IdeaProjects/brewery', 'getBottles',  'PUBLIC', 'Integer', '/Users/jcano/IdeaProjects/brewery/presenting/src/main/java/io/spring/cloud/samples/brewery/presenting/feed/FeedRepository.java', 64);
INSERT INTO method (id, declaring_type, project_root, name, visibility,  return_type_name, source_path, line_number) VALUES (110, 'io.spring.cloud.samples.brewery.presenting.feed.FeedRepository', '/Users/jcano/IdeaProjects/brewery', 'getProcesses',  'PUBLIC', 'Set', '/Users/jcano/IdeaProjects/brewery/presenting/src/main/java/io/spring/cloud/samples/brewery/presenting/feed/FeedRepository.java', 68);
INSERT INTO method (id, declaring_type, project_root, name, visibility,  return_type_name, source_path, line_number) VALUES (111, 'io.spring.cloud.samples.brewery.presenting.present.BrewingServiceClient', '/Users/jcano/IdeaProjects/brewery', 'getIngredients',  'PUBLIC', 'String', '/Users/jcano/IdeaProjects/brewery/presenting/src/main/java/io/spring/cloud/samples/brewery/presenting/present/BrewingServiceClient.java', 13);
INSERT INTO method_parameter (method_id, position, type_name) VALUES (111, 0, 'String');
INSERT INTO method_parameter (method_id, position, type_name) VALUES (111, 1, 'String');
INSERT INTO method_parameter (method_id, position, type_name) VALUES (111, 2, 'String');
INSERT INTO method (id, declaring_type, project_root, name, visibility,  return_type_name, source_path, line_number) VALUES (112, 'io.spring.cloud.samples.brewery.reporting.BeerEvents', '/Users/jcano/IdeaProjects/brewery', 'getIngredientsOrderedTime',  'PUBLIC', 'String', '/Users/jcano/IdeaProjects/brewery/reporting/src/main/java/io/spring/cloud/samples/brewery/reporting/BeerEvents.java', 12);
INSERT INTO method (id, declaring_type, project_root, name, visibility,  return_type_name, source_path, line_number) VALUES (113, 'io.spring.cloud.samples.brewery.reporting.BeerEvents', '/Users/jcano/IdeaProjects/brewery', 'getBrewingStartedTime',  'PUBLIC', 'String', '/Users/jcano/IdeaProjects/brewery/reporting/src/main/java/io/spring/cloud/samples/brewery/reporting/BeerEvents.java', 16);
INSERT INTO method (id, declaring_type, project_root, name, visibility,  return_type_name, source_path, line_number) VALUES (114, 'io.spring.cloud.samples.brewery.reporting.BeerEvents', '/Users/jcano/IdeaProjects/brewery', 'getBeerMaturedTime',  'PUBLIC', 'String', '/Users/jcano/IdeaProjects/brewery/reporting/src/main/java/io/spring/cloud/samples/brewery/reporting/BeerEvents.java', 20);
INSERT INTO method (id, declaring_type, project_root, name, visibility,  return_type_name, source_path, line_number) VALUES (115, 'io.spring.cloud.samples.brewery.reporting.BeerEvents', '/Users/jcano/IdeaProjects/brewery', 'getBeerBottledTime',  'PUBLIC', 'String', '/Users/jcano/IdeaProjects/brewery/reporting/src/main/java/io/spring/cloud/samples/brewery/reporting/BeerEvents.java', 24);
INSERT INTO method (id, declaring_type, project_root, name, visibility,  return_type_name, source_path, line_number) VALUES (116, 'io.spring.cloud.samples.brewery.reporting.BeerEvents', '/Users/jcano/IdeaProjects/brewery', 'setIngredientsOrderedTime',  'PUBLIC', 'void', '/Users/jcano/IdeaProjects/brewery/reporting/src/main/java/io/spring/cloud/samples/brewery/reporting/BeerEvents.java', 28);
INSERT INTO method_parameter (method_id, position, type_name) VALUES (116, 0, 'String');
INSERT INTO method (id, declaring_type, project_root, name, visibility,  return_type_name, source_path, line_number) VALUES (117, 'io.spring.cloud.samples.brewery.reporting.BeerEvents', '/Users/jcano/IdeaProjects/brewery', 'setBrewingStartedTime',  'PUBLIC', 'void', '/Users/jcano/IdeaProjects/brewery/reporting/src/main/java/io/spring/cloud/samples/brewery/reporting/BeerEvents.java', 32);
INSERT INTO method_parameter (method_id, position, type_name) VALUES (117, 0, 'String');
INSERT INTO method (id, declaring_type, project_root, name, visibility,  return_type_name, source_path, line_number) VALUES (118, 'io.spring.cloud.samples.brewery.reporting.BeerEvents', '/Users/jcano/IdeaProjects/brewery', 'setBeerMaturedTime',  'PUBLIC', 'void', '/Users/jcano/IdeaProjects/brewery/reporting/src/main/java/io/spring/cloud/samples/brewery/reporting/BeerEvents.java', 36);
INSERT INTO method_parameter (method_id, position, type_name) VALUES (118, 0, 'String');
INSERT INTO method (id, declaring_type, project_root, name, visibility,  return_type_name, source_path, line_number) VALUES (119, 'io.spring.cloud.samples.brewery.reporting.BeerEvents', '/Users/jcano/IdeaProjects/brewery', 'setBeerBottledTime',  'PUBLIC', 'void', '/Users/jcano/IdeaProjects/brewery/reporting/src/main/java/io/spring/cloud/samples/brewery/reporting/BeerEvents.java', 40);
INSERT INTO method_parameter (method_id, position, type_name) VALUES (119, 0, 'String');
INSERT INTO method (id, declaring_type, project_root, name, visibility,  return_type_name, source_path, line_number) VALUES (120, 'io.spring.cloud.samples.brewery.reporting.BeerEvents', '/Users/jcano/IdeaProjects/brewery', 'equals',  'PUBLIC', 'boolean', '/Users/jcano/IdeaProjects/brewery/reporting/src/main/java/io/spring/cloud/samples/brewery/reporting/BeerEvents.java', 44);
INSERT INTO method_parameter (method_id, position, type_name) VALUES (120, 0, 'Object');
INSERT INTO method (id, declaring_type, project_root, name, visibility,  return_type_name, source_path, line_number) VALUES (121, 'io.spring.cloud.samples.brewery.reporting.BeerEvents', '/Users/jcano/IdeaProjects/brewery', 'hashCode',  'PUBLIC', 'int', '/Users/jcano/IdeaProjects/brewery/reporting/src/main/java/io/spring/cloud/samples/brewery/reporting/BeerEvents.java', 72);
INSERT INTO method (id, declaring_type, project_root, name, visibility,  return_type_name, source_path, line_number) VALUES (122, 'io.spring.cloud.samples.brewery.reporting.BeerEvents', '/Users/jcano/IdeaProjects/brewery', 'toString',  'PUBLIC', 'String', '/Users/jcano/IdeaProjects/brewery/reporting/src/main/java/io/spring/cloud/samples/brewery/reporting/BeerEvents.java', 86);
INSERT INTO method (id, declaring_type, project_root, name, visibility,  return_type_name, source_path, line_number) VALUES (123, 'io.spring.cloud.samples.brewery.reporting.BeerEvents', '/Users/jcano/IdeaProjects/brewery', 'canEqual',  'PROTECTED', 'boolean', '/Users/jcano/IdeaProjects/brewery/reporting/src/main/java/io/spring/cloud/samples/brewery/reporting/BeerEvents.java', 68);
INSERT INTO method_parameter (method_id, position, type_name) VALUES (123, 0, 'Object');
INSERT INTO method (id, declaring_type, project_root, name, visibility,  return_type_name, source_path, line_number) VALUES (124, 'io.spring.cloud.samples.brewery.reporting.EventListener', '/Users/jcano/IdeaProjects/brewery', 'accept',  'PUBLIC', 'void', '/Users/jcano/IdeaProjects/brewery/reporting/src/main/java/io/spring/cloud/samples/brewery/reporting/EventListener.java', 55);
INSERT INTO method_parameter (method_id, position, type_name) VALUES (124, 0, 'Message');
INSERT INTO method (id, declaring_type, project_root, name, visibility,  return_type_name, source_path, line_number) VALUES (125, 'io.spring.cloud.samples.brewery.reporting.ReportingApplication', '/Users/jcano/IdeaProjects/brewery', 'main',  'PUBLIC', 'void', '/Users/jcano/IdeaProjects/brewery/reporting/src/main/java/io/spring/cloud/samples/brewery/reporting/ReportingApplication.java', 12);
INSERT INTO method_parameter (method_id, position, type_name) VALUES (125, 0, 'String[]');
INSERT INTO method (id, declaring_type, project_root, name, visibility,  return_type_name, source_path, line_number) VALUES (126, 'io.spring.cloud.samples.brewery.reporting.ReportingController', '/Users/jcano/IdeaProjects/brewery', 'beerEvents',  'PUBLIC', 'ResponseEntity', '/Users/jcano/IdeaProjects/brewery/reporting/src/main/java/io/spring/cloud/samples/brewery/reporting/ReportingController.java', 22);
INSERT INTO method_parameter (method_id, position, type_name) VALUES (126, 0, 'String');
INSERT INTO method (id, declaring_type, project_root, name, visibility,  return_type_name, source_path, line_number) VALUES (127, 'io.spring.cloud.samples.brewery.reporting.ReportingController', '/Users/jcano/IdeaProjects/brewery', 'beerEvents',  'PUBLIC', 'Set>', '/Users/jcano/IdeaProjects/brewery/reporting/src/main/java/io/spring/cloud/samples/brewery/reporting/ReportingController.java', 31);
INSERT INTO method (id, declaring_type, project_root, name, visibility,  return_type_name, source_path, line_number) VALUES (128, 'io.spring.cloud.samples.brewery.reporting.ReportingRepository', '/Users/jcano/IdeaProjects/brewery', 'createOrUpdate',  'PUBLIC', 'void', '/Users/jcano/IdeaProjects/brewery/reporting/src/main/java/io/spring/cloud/samples/brewery/reporting/ReportingRepository.java', 18);
INSERT INTO method_parameter (method_id, position, type_name) VALUES (128, 0, 'Event');
INSERT INTO method (id, declaring_type, project_root, name, visibility,  return_type_name, source_path, line_number) VALUES (129, 'io.spring.cloud.samples.brewery.reporting.ReportingRepository', '/Users/jcano/IdeaProjects/brewery', 'read',  'PUBLIC', 'BeerEvents', '/Users/jcano/IdeaProjects/brewery/reporting/src/main/java/io/spring/cloud/samples/brewery/reporting/ReportingRepository.java', 39);
INSERT INTO method_parameter (method_id, position, type_name) VALUES (129, 0, 'String');
INSERT INTO method (id, declaring_type, project_root, name, visibility,  return_type_name, source_path, line_number) VALUES (130, 'io.spring.cloud.samples.brewery.reporting.ReportingRepository', '/Users/jcano/IdeaProjects/brewery', 'read',  'PUBLIC', 'Set>', '/Users/jcano/IdeaProjects/brewery/reporting/src/main/java/io/spring/cloud/samples/brewery/reporting/ReportingRepository.java', 44);

-- Reset method sequence after explicit-id inserts (last id = 130):
-- PostgreSQL: SELECT setval(pg_get_serial_sequence('method','id'), 130);
-- H2:         ALTER SEQUENCE PUBLIC.METHOD_SEQ RESTART WITH 131;

-- ── package_import ──────────────────────────────────────────
INSERT INTO package_import (from_package, to_package, project_root) VALUES ('io.spring.cloud.samples.brewery.acceptance', 'io.spring.cloud.samples.brewery.acceptance.common', '/Users/jcano/IdeaProjects/brewery');
INSERT INTO package_import (from_package, to_package, project_root) VALUES ('io.spring.cloud.samples.brewery', 'io.spring.cloud.samples.brewery.common', '/Users/jcano/IdeaProjects/brewery');
INSERT INTO package_import (from_package, to_package, project_root) VALUES ('io.spring.cloud.samples.brewery.bottling', 'io.spring.cloud.samples.brewery.common', '/Users/jcano/IdeaProjects/brewery');
INSERT INTO package_import (from_package, to_package, project_root) VALUES ('io.spring.cloud.samples.brewery.bottling', 'io.spring.cloud.samples.brewery.common.events', '/Users/jcano/IdeaProjects/brewery');
INSERT INTO package_import (from_package, to_package, project_root) VALUES ('io.spring.cloud.samples.brewery.bottling', 'io.spring.cloud.samples.brewery.common.model', '/Users/jcano/IdeaProjects/brewery');
INSERT INTO package_import (from_package, to_package, project_root) VALUES ('io.spring.cloud.samples.brewery.common', 'io.spring.cloud.samples.brewery.common.model', '/Users/jcano/IdeaProjects/brewery');
INSERT INTO package_import (from_package, to_package, project_root) VALUES ('io.spring.cloud.samples.brewery.maturing', 'io.spring.cloud.samples.brewery.common', '/Users/jcano/IdeaProjects/brewery');
INSERT INTO package_import (from_package, to_package, project_root) VALUES ('io.spring.cloud.samples.brewery.maturing', 'io.spring.cloud.samples.brewery.common.events', '/Users/jcano/IdeaProjects/brewery');
INSERT INTO package_import (from_package, to_package, project_root) VALUES ('io.spring.cloud.samples.brewery.maturing', 'io.spring.cloud.samples.brewery.common.model', '/Users/jcano/IdeaProjects/brewery');
INSERT INTO package_import (from_package, to_package, project_root) VALUES ('io.spring.cloud.samples.brewery.aggregating', 'io.spring.cloud.samples.brewery.common', '/Users/jcano/IdeaProjects/brewery');
INSERT INTO package_import (from_package, to_package, project_root) VALUES ('io.spring.cloud.samples.brewery.aggregating', 'io.spring.cloud.samples.brewery.common.events', '/Users/jcano/IdeaProjects/brewery');
INSERT INTO package_import (from_package, to_package, project_root) VALUES ('io.spring.cloud.samples.brewery.aggregating', 'io.spring.cloud.samples.brewery.common.model', '/Users/jcano/IdeaProjects/brewery');
INSERT INTO package_import (from_package, to_package, project_root) VALUES ('io.spring.cloud.samples.brewery.reporting', 'io.spring.cloud.samples.brewery.common', '/Users/jcano/IdeaProjects/brewery');
INSERT INTO package_import (from_package, to_package, project_root) VALUES ('io.spring.cloud.samples.brewery.reporting', 'io.spring.cloud.samples.brewery.common.events', '/Users/jcano/IdeaProjects/brewery');
INSERT INTO package_import (from_package, to_package, project_root) VALUES ('io.spring.cloud.samples.brewery.ingredients', 'io.spring.cloud.samples.brewery.common', '/Users/jcano/IdeaProjects/brewery');
INSERT INTO package_import (from_package, to_package, project_root) VALUES ('io.spring.cloud.samples.brewery.ingredients', 'io.spring.cloud.samples.brewery.common.model', '/Users/jcano/IdeaProjects/brewery');
INSERT INTO package_import (from_package, to_package, project_root) VALUES ('io.spring.cloud.samples.brewery.presenting.present', 'io.spring.cloud.samples.brewery.common', '/Users/jcano/IdeaProjects/brewery');
INSERT INTO package_import (from_package, to_package, project_root) VALUES ('io.spring.cloud.samples.brewery.presenting.present', 'io.spring.cloud.samples.brewery.presenting.config', '/Users/jcano/IdeaProjects/brewery');
INSERT INTO package_import (from_package, to_package, project_root) VALUES ('io.spring.cloud.samples.brewery.presenting.present', 'io.spring.cloud.samples.brewery.presenting.feed', '/Users/jcano/IdeaProjects/brewery');
INSERT INTO package_import (from_package, to_package, project_root) VALUES ('io.spring.cloud.samples.brewery.presenting', 'io.spring.cloud.samples.brewery.common', '/Users/jcano/IdeaProjects/brewery');
INSERT INTO package_import (from_package, to_package, project_root) VALUES ('io.spring.cloud.samples.brewery.presenting.feed', 'io.spring.cloud.samples.brewery.presenting.config', '/Users/jcano/IdeaProjects/brewery');
INSERT INTO package_import (from_package, to_package, project_root) VALUES ('io.spring.cloud.samples.brewery.gateway', 'io.spring.cloud.samples.brewery.common', '/Users/jcano/IdeaProjects/brewery');

-- ── spring_bean ─────────────────────────────────────────────
INSERT INTO spring_bean (type_qualified_name, project_root, analyzed_at_millis, source_path, line_number) VALUES ('io.spring.cloud.samples.brewery.bottling.BottlingConfiguration', '/Users/jcano/IdeaProjects/brewery', 1777745449697,  '/Users/jcano/IdeaProjects/brewery/brewing/src/main/java/io/spring/cloud/samples/brewery/bottling/BottlingConfiguration.java', 25);
INSERT INTO spring_bean (type_qualified_name, project_root, analyzed_at_millis, source_path, line_number) VALUES ('io.spring.cloud.samples.brewery.bottling.Bottler', '/Users/jcano/IdeaProjects/brewery', 1777745449697,  '/Users/jcano/IdeaProjects/brewery/brewing/src/main/java/io/spring/cloud/samples/brewery/bottling/Bottler.java', 9);
INSERT INTO spring_bean (type_qualified_name, project_root, analyzed_at_millis, source_path, line_number) VALUES ('io.spring.cloud.samples.brewery.common.CommonConfiguration', '/Users/jcano/IdeaProjects/brewery', 1777745449697,  '/Users/jcano/IdeaProjects/brewery/brewing/src/main/java/io/spring/cloud/samples/brewery/common/CommonConfiguration.java', 19);
INSERT INTO spring_bean (type_qualified_name, project_root, analyzed_at_millis, source_path, line_number) VALUES ('io.spring.cloud.samples.brewery.maturing.Maturer', '/Users/jcano/IdeaProjects/brewery', 1777745449697,  '/Users/jcano/IdeaProjects/brewery/brewing/src/main/java/io/spring/cloud/samples/brewery/maturing/Maturer.java', 8);
INSERT INTO spring_bean (type_qualified_name, project_root, analyzed_at_millis, source_path, line_number) VALUES ('io.spring.cloud.samples.brewery.maturing.BrewConfiguration', '/Users/jcano/IdeaProjects/brewery', 1777745449697,  '/Users/jcano/IdeaProjects/brewery/brewing/src/main/java/io/spring/cloud/samples/brewery/maturing/BrewConfiguration.java', 16);
INSERT INTO spring_bean (type_qualified_name, project_root, analyzed_at_millis, source_path, line_number) VALUES ('io.spring.cloud.samples.brewery.aggregating.AggregationConfiguration', '/Users/jcano/IdeaProjects/brewery', 1777745449697,  '/Users/jcano/IdeaProjects/brewery/brewing/src/main/java/io/spring/cloud/samples/brewery/aggregating/AggregationConfiguration.java', 14);
INSERT INTO spring_bean (type_qualified_name, project_root, analyzed_at_millis, source_path, line_number) VALUES ('io.spring.cloud.samples.brewery.aggregating.IngredientsController', '/Users/jcano/IdeaProjects/brewery', 1777745449697,  '/Users/jcano/IdeaProjects/brewery/brewing/src/main/java/io/spring/cloud/samples/brewery/aggregating/IngredientsController.java', 15);
INSERT INTO spring_bean (type_qualified_name, project_root, analyzed_at_millis, source_path, line_number) VALUES ('io.spring.cloud.samples.brewery.aggregating.IngredientWarehouse', '/Users/jcano/IdeaProjects/brewery', 1777745449697,  '/Users/jcano/IdeaProjects/brewery/brewing/src/main/java/io/spring/cloud/samples/brewery/aggregating/IngredientWarehouse.java', 12);
INSERT INTO spring_bean (type_qualified_name, project_root, analyzed_at_millis, source_path, line_number) VALUES ('io.spring.cloud.samples.brewery.aggregating.IngredientsAggregator', '/Users/jcano/IdeaProjects/brewery', 1777745449697,  '/Users/jcano/IdeaProjects/brewery/brewing/src/main/java/io/spring/cloud/samples/brewery/aggregating/IngredientsAggregator.java', 18);
INSERT INTO spring_bean (type_qualified_name, project_root, analyzed_at_millis, source_path, line_number) VALUES ('io.spring.cloud.samples.brewery.reporting.ReportingRepository', '/Users/jcano/IdeaProjects/brewery', 1777745449697,  '/Users/jcano/IdeaProjects/brewery/reporting/src/main/java/io/spring/cloud/samples/brewery/reporting/ReportingRepository.java', 13);
INSERT INTO spring_bean (type_qualified_name, project_root, analyzed_at_millis, source_path, line_number) VALUES ('io.spring.cloud.samples.brewery.reporting.ReportingController', '/Users/jcano/IdeaProjects/brewery', 1777745449697,  '/Users/jcano/IdeaProjects/brewery/reporting/src/main/java/io/spring/cloud/samples/brewery/reporting/ReportingController.java', 12);
INSERT INTO spring_bean (type_qualified_name, project_root, analyzed_at_millis, source_path, line_number) VALUES ('io.spring.cloud.samples.brewery.reporting.EventListener', '/Users/jcano/IdeaProjects/brewery', 1777745449697,  '/Users/jcano/IdeaProjects/brewery/reporting/src/main/java/io/spring/cloud/samples/brewery/reporting/EventListener.java', 16);
INSERT INTO spring_bean (type_qualified_name, project_root, analyzed_at_millis, source_path, line_number) VALUES ('io.spring.cloud.samples.brewery.eureka.EurekaApplication', '/Users/jcano/IdeaProjects/brewery', 1777745449697,  '/Users/jcano/IdeaProjects/brewery/eureka/src/main/java/io/spring/cloud/samples/brewery/eureka/EurekaApplication.java', 8);
INSERT INTO spring_bean (type_qualified_name, project_root, analyzed_at_millis, source_path, line_number) VALUES ('io.spring.cloud.samples.brewery.common.TestConfiguration', '/Users/jcano/IdeaProjects/brewery', 1777745449697,  '/Users/jcano/IdeaProjects/brewery/common/src/main/java/io/spring/cloud/samples/brewery/common/TestConfiguration.java', 20);
INSERT INTO spring_bean (type_qualified_name, project_root, analyzed_at_millis, source_path, line_number) VALUES ('io.spring.cloud.samples.brewery.common.events.EventGateway', '/Users/jcano/IdeaProjects/brewery', 1777745449697,  '/Users/jcano/IdeaProjects/brewery/common/src/main/java/io/spring/cloud/samples/brewery/common/events/EventGateway.java', 10);
INSERT INTO spring_bean (type_qualified_name, project_root, analyzed_at_millis, source_path, line_number) VALUES ('io.spring.cloud.samples.brewery.ingredients.IngredientsFetchController', '/Users/jcano/IdeaProjects/brewery', 1777745449697,  '/Users/jcano/IdeaProjects/brewery/ingredients/src/main/java/io/spring/cloud/samples/brewery/ingredients/IngredientsFetchController.java', 12);
INSERT INTO spring_bean (type_qualified_name, project_root, analyzed_at_millis, source_path, line_number) VALUES ('io.spring.cloud.samples.brewery.ingredients.IngredientsFeignController', '/Users/jcano/IdeaProjects/brewery', 1777745449697,  '/Users/jcano/IdeaProjects/brewery/ingredients/src/main/java/io/spring/cloud/samples/brewery/ingredients/IngredientsFeignController.java', 13);
INSERT INTO spring_bean (type_qualified_name, project_root, analyzed_at_millis, source_path, line_number) VALUES ('io.spring.cloud.samples.brewery.ingredients.IngredientsConfiguration', '/Users/jcano/IdeaProjects/brewery', 1777745449697,  '/Users/jcano/IdeaProjects/brewery/ingredients/src/main/java/io/spring/cloud/samples/brewery/ingredients/IngredientsConfiguration.java', 10);
INSERT INTO spring_bean (type_qualified_name, project_root, analyzed_at_millis, source_path, line_number) VALUES ('io.spring.cloud.samples.brewery.presenting.present.PresentController', '/Users/jcano/IdeaProjects/brewery', 1777745449697,  '/Users/jcano/IdeaProjects/brewery/presenting/src/main/java/io/spring/cloud/samples/brewery/presenting/present/PresentController.java', 29);
INSERT INTO spring_bean (type_qualified_name, project_root, analyzed_at_millis, source_path, line_number) VALUES ('io.spring.cloud.samples.brewery.presenting.feed.FeedRepository', '/Users/jcano/IdeaProjects/brewery', 1777745449697,  '/Users/jcano/IdeaProjects/brewery/presenting/src/main/java/io/spring/cloud/samples/brewery/presenting/feed/FeedRepository.java', 17);
INSERT INTO spring_bean (type_qualified_name, project_root, analyzed_at_millis, source_path, line_number) VALUES ('io.spring.cloud.samples.brewery.presenting.feed.FeedController', '/Users/jcano/IdeaProjects/brewery', 1777745449697,  '/Users/jcano/IdeaProjects/brewery/presenting/src/main/java/io/spring/cloud/samples/brewery/presenting/feed/FeedController.java', 23);

-- ── spring_bean_stereotype ──────────────────────────────────
INSERT INTO spring_bean_stereotype (type_qualified_name, project_root, stereotype) VALUES ('io.spring.cloud.samples.brewery.bottling.BottlingConfiguration', '/Users/jcano/IdeaProjects/brewery', 'Configuration');
INSERT INTO spring_bean_stereotype (type_qualified_name, project_root, stereotype) VALUES ('io.spring.cloud.samples.brewery.bottling.Bottler', '/Users/jcano/IdeaProjects/brewery', 'Service');
INSERT INTO spring_bean_stereotype (type_qualified_name, project_root, stereotype) VALUES ('io.spring.cloud.samples.brewery.common.CommonConfiguration', '/Users/jcano/IdeaProjects/brewery', 'Configuration');
INSERT INTO spring_bean_stereotype (type_qualified_name, project_root, stereotype) VALUES ('io.spring.cloud.samples.brewery.maturing.Maturer', '/Users/jcano/IdeaProjects/brewery', 'Service');
INSERT INTO spring_bean_stereotype (type_qualified_name, project_root, stereotype) VALUES ('io.spring.cloud.samples.brewery.maturing.BrewConfiguration', '/Users/jcano/IdeaProjects/brewery', 'Configuration');
INSERT INTO spring_bean_stereotype (type_qualified_name, project_root, stereotype) VALUES ('io.spring.cloud.samples.brewery.aggregating.AggregationConfiguration', '/Users/jcano/IdeaProjects/brewery', 'Configuration');
INSERT INTO spring_bean_stereotype (type_qualified_name, project_root, stereotype) VALUES ('io.spring.cloud.samples.brewery.aggregating.IngredientsController', '/Users/jcano/IdeaProjects/brewery', 'RestController');
INSERT INTO spring_bean_stereotype (type_qualified_name, project_root, stereotype) VALUES ('io.spring.cloud.samples.brewery.aggregating.IngredientWarehouse', '/Users/jcano/IdeaProjects/brewery', 'Service');
INSERT INTO spring_bean_stereotype (type_qualified_name, project_root, stereotype) VALUES ('io.spring.cloud.samples.brewery.aggregating.IngredientsAggregator', '/Users/jcano/IdeaProjects/brewery', 'Component');
INSERT INTO spring_bean_stereotype (type_qualified_name, project_root, stereotype) VALUES ('io.spring.cloud.samples.brewery.reporting.ReportingRepository', '/Users/jcano/IdeaProjects/brewery', 'Component');
INSERT INTO spring_bean_stereotype (type_qualified_name, project_root, stereotype) VALUES ('io.spring.cloud.samples.brewery.reporting.ReportingController', '/Users/jcano/IdeaProjects/brewery', 'RestController');
INSERT INTO spring_bean_stereotype (type_qualified_name, project_root, stereotype) VALUES ('io.spring.cloud.samples.brewery.reporting.EventListener', '/Users/jcano/IdeaProjects/brewery', 'Component');
INSERT INTO spring_bean_stereotype (type_qualified_name, project_root, stereotype) VALUES ('io.spring.cloud.samples.brewery.eureka.EurekaApplication', '/Users/jcano/IdeaProjects/brewery', 'Configuration');
INSERT INTO spring_bean_stereotype (type_qualified_name, project_root, stereotype) VALUES ('io.spring.cloud.samples.brewery.common.TestConfiguration', '/Users/jcano/IdeaProjects/brewery', 'Configuration');
INSERT INTO spring_bean_stereotype (type_qualified_name, project_root, stereotype) VALUES ('io.spring.cloud.samples.brewery.common.events.EventGateway', '/Users/jcano/IdeaProjects/brewery', 'Component');
INSERT INTO spring_bean_stereotype (type_qualified_name, project_root, stereotype) VALUES ('io.spring.cloud.samples.brewery.ingredients.IngredientsFetchController', '/Users/jcano/IdeaProjects/brewery', 'RestController');
INSERT INTO spring_bean_stereotype (type_qualified_name, project_root, stereotype) VALUES ('io.spring.cloud.samples.brewery.ingredients.IngredientsFeignController', '/Users/jcano/IdeaProjects/brewery', 'RestController');
INSERT INTO spring_bean_stereotype (type_qualified_name, project_root, stereotype) VALUES ('io.spring.cloud.samples.brewery.ingredients.IngredientsConfiguration', '/Users/jcano/IdeaProjects/brewery', 'Configuration');
INSERT INTO spring_bean_stereotype (type_qualified_name, project_root, stereotype) VALUES ('io.spring.cloud.samples.brewery.presenting.present.PresentController', '/Users/jcano/IdeaProjects/brewery', 'RestController');
INSERT INTO spring_bean_stereotype (type_qualified_name, project_root, stereotype) VALUES ('io.spring.cloud.samples.brewery.presenting.feed.FeedRepository', '/Users/jcano/IdeaProjects/brewery', 'Component');
INSERT INTO spring_bean_stereotype (type_qualified_name, project_root, stereotype) VALUES ('io.spring.cloud.samples.brewery.presenting.feed.FeedController', '/Users/jcano/IdeaProjects/brewery', 'RestController');

-- ── bean_injection ──────────────────────────────────────────
INSERT INTO bean_injection (id, from_qualified_name, project_root, to_qualified_name, to_type_simple_name, kind, qualifier) VALUES (1, 'io.spring.cloud.samples.brewery.bottling.Bottler', '/Users/jcano/IdeaProjects/brewery',  'io.spring.cloud.samples.brewery.bottling.BottlerService', NULL, 'CONSTRUCTOR', NULL);
INSERT INTO bean_injection (id, from_qualified_name, project_root, to_qualified_name, to_type_simple_name, kind, qualifier) VALUES (2, 'io.spring.cloud.samples.brewery.bottling.Bottler', '/Users/jcano/IdeaProjects/brewery',  'org.springframework.cloud.client.circuitbreaker.CircuitBreakerFactory', NULL, 'CONSTRUCTOR', NULL);
INSERT INTO bean_injection (id, from_qualified_name, project_root, to_qualified_name, to_type_simple_name, kind, qualifier) VALUES (3, 'io.spring.cloud.samples.brewery.maturing.Maturer', '/Users/jcano/IdeaProjects/brewery',  'io.spring.cloud.samples.brewery.maturing.BottlingServiceUpdater', NULL, 'CONSTRUCTOR', NULL);
INSERT INTO bean_injection (id, from_qualified_name, project_root, to_qualified_name, to_type_simple_name, kind, qualifier) VALUES (4, 'io.spring.cloud.samples.brewery.aggregating.IngredientsController', '/Users/jcano/IdeaProjects/brewery',  'io.spring.cloud.samples.brewery.aggregating.IngredientsAggregator', NULL, 'CONSTRUCTOR', NULL);
INSERT INTO bean_injection (id, from_qualified_name, project_root, to_qualified_name, to_type_simple_name, kind, qualifier) VALUES (5, 'io.spring.cloud.samples.brewery.aggregating.IngredientsController', '/Users/jcano/IdeaProjects/brewery',  'io.micrometer.observation.ObservationRegistry', NULL, 'CONSTRUCTOR', NULL);
INSERT INTO bean_injection (id, from_qualified_name, project_root, to_qualified_name, to_type_simple_name, kind, qualifier) VALUES (6, 'io.spring.cloud.samples.brewery.aggregating.IngredientsAggregator', '/Users/jcano/IdeaProjects/brewery',  'io.spring.cloud.samples.brewery.aggregating.IngredientWarehouse', NULL, 'CONSTRUCTOR', NULL);
INSERT INTO bean_injection (id, from_qualified_name, project_root, to_qualified_name, to_type_simple_name, kind, qualifier) VALUES (7, 'io.spring.cloud.samples.brewery.aggregating.IngredientsAggregator', '/Users/jcano/IdeaProjects/brewery',  'io.spring.cloud.samples.brewery.aggregating.MaturingServiceUpdater', NULL, 'CONSTRUCTOR', NULL);
INSERT INTO bean_injection (id, from_qualified_name, project_root, to_qualified_name, to_type_simple_name, kind, qualifier) VALUES (8, 'io.spring.cloud.samples.brewery.aggregating.IngredientsAggregator', '/Users/jcano/IdeaProjects/brewery',  'io.spring.cloud.samples.brewery.aggregating.IngredientsCollector', NULL, 'CONSTRUCTOR', NULL);
INSERT INTO bean_injection (id, from_qualified_name, project_root, to_qualified_name, to_type_simple_name, kind, qualifier) VALUES (9, 'io.spring.cloud.samples.brewery.aggregating.IngredientsAggregator', '/Users/jcano/IdeaProjects/brewery',  'io.spring.cloud.samples.brewery.common.events.EventGateway', NULL, 'CONSTRUCTOR', NULL);
INSERT INTO bean_injection (id, from_qualified_name, project_root, to_qualified_name, to_type_simple_name, kind, qualifier) VALUES (10, 'io.spring.cloud.samples.brewery.aggregating.IngredientsAggregator', '/Users/jcano/IdeaProjects/brewery',  'org.springframework.beans.factory.BeanFactory', NULL, 'CONSTRUCTOR', NULL);
INSERT INTO bean_injection (id, from_qualified_name, project_root, to_qualified_name, to_type_simple_name, kind, qualifier) VALUES (11, 'io.spring.cloud.samples.brewery.reporting.ReportingController', '/Users/jcano/IdeaProjects/brewery',  'io.spring.cloud.samples.brewery.reporting.ReportingRepository', NULL, 'CONSTRUCTOR', NULL);
INSERT INTO bean_injection (id, from_qualified_name, project_root, to_qualified_name, to_type_simple_name, kind, qualifier) VALUES (12, 'io.spring.cloud.samples.brewery.reporting.EventListener', '/Users/jcano/IdeaProjects/brewery',  'io.spring.cloud.samples.brewery.reporting.ReportingRepository', NULL, 'CONSTRUCTOR', NULL);
INSERT INTO bean_injection (id, from_qualified_name, project_root, to_qualified_name, to_type_simple_name, kind, qualifier) VALUES (13, 'io.spring.cloud.samples.brewery.reporting.EventListener', '/Users/jcano/IdeaProjects/brewery',  'io.micrometer.observation.ObservationRegistry', NULL, 'CONSTRUCTOR', NULL);
INSERT INTO bean_injection (id, from_qualified_name, project_root, to_qualified_name, to_type_simple_name, kind, qualifier) VALUES (14, 'io.spring.cloud.samples.brewery.reporting.EventListener', '/Users/jcano/IdeaProjects/brewery',  'io.micrometer.tracing.BaggageManager', NULL, 'CONSTRUCTOR', NULL);
INSERT INTO bean_injection (id, from_qualified_name, project_root, to_qualified_name, to_type_simple_name, kind, qualifier) VALUES (15, 'io.spring.cloud.samples.brewery.common.events.EventGateway', '/Users/jcano/IdeaProjects/brewery',  'org.springframework.cloud.stream.function.StreamBridge', NULL, 'CONSTRUCTOR', NULL);
INSERT INTO bean_injection (id, from_qualified_name, project_root, to_qualified_name, to_type_simple_name, kind, qualifier) VALUES (16, 'io.spring.cloud.samples.brewery.ingredients.IngredientsFetchController', '/Users/jcano/IdeaProjects/brewery',  'io.spring.cloud.samples.brewery.ingredients.StubbedIngredientsProperties', NULL, 'CONSTRUCTOR', NULL);
INSERT INTO bean_injection (id, from_qualified_name, project_root, to_qualified_name, to_type_simple_name, kind, qualifier) VALUES (17, 'io.spring.cloud.samples.brewery.ingredients.IngredientsFetchController', '/Users/jcano/IdeaProjects/brewery',  'io.micrometer.observation.ObservationRegistry', NULL, 'CONSTRUCTOR', NULL);
INSERT INTO bean_injection (id, from_qualified_name, project_root, to_qualified_name, to_type_simple_name, kind, qualifier) VALUES (18, 'io.spring.cloud.samples.brewery.ingredients.IngredientsFeignController', '/Users/jcano/IdeaProjects/brewery',  'io.spring.cloud.samples.brewery.ingredients.StubbedIngredientsProperties', NULL, 'CONSTRUCTOR', NULL);
INSERT INTO bean_injection (id, from_qualified_name, project_root, to_qualified_name, to_type_simple_name, kind, qualifier) VALUES (19, 'io.spring.cloud.samples.brewery.presenting.present.PresentController', '/Users/jcano/IdeaProjects/brewery',  'io.spring.cloud.samples.brewery.presenting.feed.FeedRepository', NULL, 'CONSTRUCTOR', NULL);
INSERT INTO bean_injection (id, from_qualified_name, project_root, to_qualified_name, to_type_simple_name, kind, qualifier) VALUES (20, 'io.spring.cloud.samples.brewery.presenting.present.PresentController', '/Users/jcano/IdeaProjects/brewery',  'io.micrometer.observation.ObservationRegistry', NULL, 'CONSTRUCTOR', NULL);
INSERT INTO bean_injection (id, from_qualified_name, project_root, to_qualified_name, to_type_simple_name, kind, qualifier) VALUES (21, 'io.spring.cloud.samples.brewery.presenting.present.PresentController', '/Users/jcano/IdeaProjects/brewery',  'io.spring.cloud.samples.brewery.presenting.present.BrewingServiceClient', NULL, 'CONSTRUCTOR', NULL);
INSERT INTO bean_injection (id, from_qualified_name, project_root, to_qualified_name, to_type_simple_name, kind, qualifier) VALUES (22, 'io.spring.cloud.samples.brewery.presenting.present.PresentController', '/Users/jcano/IdeaProjects/brewery',  'org.springframework.web.client.RestTemplate', NULL, 'CONSTRUCTOR', NULL);
INSERT INTO bean_injection (id, from_qualified_name, project_root, to_qualified_name, to_type_simple_name, kind, qualifier) VALUES (23, 'io.spring.cloud.samples.brewery.presenting.present.PresentController', '/Users/jcano/IdeaProjects/brewery',  'io.micrometer.tracing.BaggageManager', NULL, 'CONSTRUCTOR', NULL);
INSERT INTO bean_injection (id, from_qualified_name, project_root, to_qualified_name, to_type_simple_name, kind, qualifier) VALUES (24, 'io.spring.cloud.samples.brewery.presenting.feed.FeedController', '/Users/jcano/IdeaProjects/brewery',  'io.spring.cloud.samples.brewery.presenting.feed.FeedRepository', NULL, 'CONSTRUCTOR', NULL);
INSERT INTO bean_injection (id, from_qualified_name, project_root, to_qualified_name, to_type_simple_name, kind, qualifier) VALUES (25, 'io.spring.cloud.samples.brewery.presenting.feed.FeedController', '/Users/jcano/IdeaProjects/brewery',  'io.micrometer.observation.ObservationRegistry', NULL, 'CONSTRUCTOR', NULL);

-- Reset bean_injection sequence (last id = 25):
-- PostgreSQL: SELECT setval(pg_get_serial_sequence('bean_injection','id'), 25);
-- H2:         ALTER SEQUENCE PUBLIC.BEAN_INJECTION_SEQ RESTART WITH 26;

COMMIT;
